sales_type_id,vehicle_id,employee_id,customer_id,dealership_id,price,deposit,purchase_date,pickup_date,invoice_number,payment_method
2,1,1,1,1,86332.53,17383,2016-09-28 14:01:54,2016-10-25 14:01:54,1362717835,switch
2,2,2,2,2,51346.24,10428,2018-04-14 3:34:21,2018-04-17 3:34:21,8294688789,solo
1,3,3,3,3,21463.69,12555,2012-12-20 10:25:32,2012-12-29 10:25:32,3248002980,maestro
2,4,4,4,4,64164.21,7483,2012-02-03 17:49:39,2012-02-23 17:49:39,4469294055,diners-club-enroute
2,5,5,5,5,57744.48,4397,2012-04-09 5:54:23,2012-04-12 5:54:23,9315815173,mastercard
1,6,6,6,6,40063.9,12254,2017-01-14 1:09:48,2017-01-16 1:09:48,8403818831,jcb
1,7,7,7,7,84079.81,16790,2011-04-28 4:54:43,2011-05-01 4:54:43,7892413448,jcb
2,8,8,8,8,32323,2368,2009-05-25 14:06:30,2009-05-31 14:06:30,820675202,jcb
2,9,9,9,9,96648.2,15072,2008-05-27 11:57:30,2008-05-28 11:57:30,1163029416,jcb
1,10,10,10,10,65989.08,12163,2008-01-29 18:46:06,2008-02-06 18:46:06,5514542165,visa
1,11,11,11,11,84876.9,17351,2013-01-24 15:38:50,2013-02-18 15:38:50,1118107632,jcb
1,12,12,12,12,87759.63,8732,2015-06-17 0:43:15,2015-07-07 0:43:15,9769426423,laser
2,13,13,13,13,41006.3,9555,2010-05-08 6:31:01,2010-05-21 6:31:01,2781047589,americanexpress
1,14,14,14,14,63227.32,15134,2012-04-29 6:02:41,2012-05-08 6:02:41,4408939218,americanexpress
2,15,15,15,15,60855.5,10606,2008-08-14 16:44:20,2008-09-05 16:44:20,4847206819,mastercard
1,16,16,16,16,89572.76,17035,2008-09-20 0:08:59,2008-10-06 0:08:59,3093609704,jcb
1,17,17,17,17,57307.75,6106,2007-10-06 20:07:54,2007-10-13 20:07:54,1260395502,china-unionpay
1,18,18,18,18,22000.33,4761,2006-04-12 20:49:35,2006-04-21 20:49:35,9000372429,jcb
1,19,19,19,19,57094.17,10463,2011-08-05 3:00:56,2011-08-10 3:00:56,461729563,instapayment
1,20,20,20,20,33019.07,4679,2007-08-28 5:52:03,2007-09-10 5:52:03,9881202981,jcb
2,21,21,21,21,54413.85,1550,2008-05-16 7:58:41,2008-05-30 7:58:41,7194128586,jcb
1,22,22,22,22,82830.02,11459,2008-12-15 11:17:25,2008-12-16 11:17:25,1643542265,jcb
2,23,23,23,23,62940.62,17827,2019-02-28 2:58:33,2019-03-12 2:58:33,5017464859,jcb
2,24,24,24,24,28685.81,17191,2005-09-22 19:30:20,2005-09-25 19:30:20,8815917292,china-unionpay
2,25,25,25,25,85401.46,6205,2017-07-04 3:15:41,2017-08-01 3:15:41,2661371192,jcb
2,26,26,26,26,46931.96,10940,2009-11-06 8:01:20,2009-12-05 8:01:20,496439111,jcb
1,27,27,27,27,78260.04,10201,2014-04-13 12:09:06,2014-04-14 12:09:06,7618295506,jcb
1,28,28,28,28,85580.66,1183,2007-12-19 19:50:32,2008-01-11 19:50:32,4352172952,switch
1,29,29,29,29,98989.24,15999,2006-02-04 3:04:48,2006-02-26 3:04:48,5317747147,solo
2,30,30,30,30,30229.02,9615,2016-08-20 4:22:55,2016-09-05 4:22:55,1532517483,jcb
2,31,31,31,31,79754.61,12795,2008-05-04 5:19:12,2008-05-11 5:19:12,6783536971,mastercard
1,32,32,32,32,32801.23,9789,2020-03-01 20:34:38,2020-03-21 20:34:38,4577297396,mastercard
2,33,33,33,33,38965.19,2613,2009-09-13 23:36:59,2009-09-25 23:36:59,5260522281,mastercard
2,34,34,34,34,97582.25,10349,2014-02-13 11:48:43,2014-03-06 11:48:43,4362204679,solo
1,35,35,35,35,38612.38,14381,2019-06-29 7:14:31,2019-07-28 7:14:31,5056914452,jcb
1,36,36,36,36,74875.04,3744,2014-12-14 12:58:42,2015-01-07 12:58:42,5210606228,diners-club-enroute
1,37,37,37,37,94752.96,11638,2014-04-25 3:33:16,2014-05-09 3:33:16,4487986974,jcb
2,38,38,38,38,64374.27,8460,2008-11-13 0:15:30,2008-11-18 0:15:30,7838231698,jcb
1,39,39,39,39,78972.01,17500,2013-12-06 1:20:03,2013-12-20 1:20:03,8935517046,jcb
1,40,40,40,40,97685.61,16751,2007-06-26 4:23:18,2007-07-04 4:23:18,4611995828,bankcard
2,41,41,41,41,40685.23,13042,2020-07-10 23:06:44,2020-07-24 23:06:44,2544016140,diners-club-enroute
1,42,42,42,42,80358.51,2891,2010-03-19 23:56:05,2010-04-05 23:56:05,6865673859,laser
2,43,43,43,43,37011.01,15689,2012-12-08 7:58:55,2013-01-07 7:58:55,2760853578,china-unionpay
1,44,44,44,44,32805.74,10574,2012-03-20 9:40:28,2012-04-04 9:40:28,5333665524,jcb
1,45,45,45,45,76044.35,9483,2008-09-17 21:06:08,2008-10-16 21:06:08,7189147144,jcb
1,46,46,46,46,57224.63,16370,2010-08-28 20:34:07,2010-09-01 20:34:07,2328611230,diners-club-us-ca
1,47,47,47,47,86080.65,4477,2007-06-03 8:59:24,2007-06-11 8:59:24,8232882786,jcb
2,48,48,48,48,30916.73,12910,2018-06-24 23:27:19,2018-06-30 23:27:19,9894016723,jcb
1,49,49,49,49,55782.9,12965,2009-03-06 14:40:35,2009-04-04 14:40:35,1026189012,diners-club-international
1,50,50,50,50,31976.59,7614,2017-11-13 13:30:39,2017-11-21 13:30:39,203018737,jcb
1,51,51,51,51,24258.41,10189,2006-06-06 9:30:26,2006-06-17 9:30:26,6937856571,jcb
1,52,52,52,52,51748.85,6270,2009-02-13 2:14:08,2009-03-05 2:14:08,4608714783,jcb
2,53,53,53,53,86119.42,2991,2018-11-04 22:20:59,2018-11-06 22:20:59,2272038212,diners-club-international
1,54,54,54,54,77205.93,12083,2005-09-11 4:45:31,2005-09-25 4:45:31,8789503961,jcb
1,55,55,55,55,29776.75,12363,2010-04-06 6:17:31,2010-04-18 6:17:31,1685644538,china-unionpay
1,56,56,56,56,55151.28,11510,2010-04-19 11:25:03,2010-05-17 11:25:03,3898019179,switch
2,57,57,57,57,56161.01,10969,2017-11-30 3:07:29,2017-12-16 3:07:29,4845446529,visa
2,58,58,58,58,75528.45,14194,2018-08-27 17:05:08,2018-09-10 17:05:08,4479595511,visa-electron
2,59,59,59,59,78910.14,978,2009-02-14 23:47:10,2009-03-06 23:47:10,246919612,jcb
1,60,60,60,60,44900.54,6980,2008-02-25 10:27:37,2008-03-03 10:27:37,3411262842,switch
1,61,61,61,61,69357.21,8979,2019-03-25 5:51:12,2019-03-27 5:51:12,7914537616,jcb
2,62,62,62,62,44894.55,15544,2011-01-16 14:22:11,2011-02-10 14:22:11,7430745881,diners-club-carte-blanche
2,63,63,63,63,30638.33,4196,2005-06-01 19:28:58,2005-06-09 19:28:58,5287531206,jcb
2,64,64,64,64,47750.09,15090,2018-01-07 3:12:04,2018-02-01 3:12:04,6885769681,jcb
2,65,65,65,65,18004.3,1041,2009-08-12 23:24:50,2009-08-21 23:24:50,7386387873,mastercard
2,66,66,66,66,52953.14,12760,2018-04-29 5:20:28,2018-05-14 5:20:28,2659197040,china-unionpay
2,67,67,67,67,91464.35,7269,2016-01-29 14:32:59,2016-02-02 14:32:59,1999257480,jcb
1,68,68,68,68,29472.61,3303,2005-09-16 7:35:28,2005-09-28 7:35:28,2946178021,diners-club-enroute
2,69,69,69,69,75940.74,7042,2012-11-18 17:21:51,2012-12-02 17:21:51,8124958971,maestro
1,70,70,70,70,29078.56,13777,2012-09-05 14:16:04,2012-09-26 14:16:04,8415212828,china-unionpay
1,71,71,71,71,45773.48,6964,2008-10-16 3:20:56,2008-11-03 3:20:56,2718934646,jcb
1,72,72,72,72,32481.42,12207,2008-08-06 0:45:55,2008-08-23 0:45:55,1500410241,jcb
1,73,73,73,73,23836.68,16672,2013-08-20 20:01:00,2013-08-28 20:01:00,4313290559,mastercard
2,74,74,74,74,29547.89,7180,2014-10-24 10:30:31,2014-11-03 10:30:31,9327845757,switch
1,75,75,75,75,25578.56,13778,2015-07-26 2:46:23,2015-08-08 2:46:23,6544068616,jcb
1,76,76,76,76,53591.11,2350,2020-07-22 10:15:43,2020-08-06 10:15:43,7252014061,jcb
2,77,77,77,77,49085.82,17906,2016-01-25 3:41:33,2016-02-01 3:41:33,6657598750,jcb
2,78,78,78,78,71522.28,7609,2007-06-30 12:58:06,2007-07-10 12:58:06,9139488888,jcb
2,79,79,79,79,32691.67,6482,2020-04-30 16:43:06,2020-05-23 16:43:06,7330729531,diners-club-enroute
2,80,80,80,80,95543.44,12999,2015-05-11 18:29:51,2015-05-19 18:29:51,491827385,jcb
2,81,81,81,81,61743,16222,2012-08-24 18:05:43,2012-09-14 18:05:43,7205384834,jcb
1,82,82,82,82,79985.71,3558,2011-07-11 5:48:59,2011-07-17 5:48:59,7545324218,maestro
1,83,83,83,83,84328.87,13364,2008-06-28 1:10:41,2008-07-05 1:10:41,6567230924,jcb
2,84,84,84,84,62277.03,16730,2018-07-19 20:58:00,2018-08-13 20:58:00,1237592941,jcb
1,85,85,85,85,90023.69,16865,2008-12-06 20:21:40,2008-12-10 20:21:40,6632618073,jcb
2,86,86,86,86,31374.13,8736,2005-12-26 5:53:39,2006-01-04 5:53:39,9459858198,visa-electron
2,87,87,87,87,40404.09,2802,2016-02-14 14:57:19,2016-02-20 14:57:19,8202665337,mastercard
1,88,88,88,88,64665.62,1684,2011-09-07 15:54:17,2011-09-18 15:54:17,8163942258,jcb
2,89,89,89,89,51399.29,9623,2011-07-14 11:37:49,2011-07-21 11:37:49,749363398,visa
2,90,90,90,90,78652.77,5639,2019-12-10 16:08:27,2020-01-03 16:08:27,840286112,maestro
2,91,91,91,91,31147.75,5589,2015-04-11 14:36:27,2015-04-13 14:36:27,4087491145,jcb
2,92,92,92,92,76011.92,16244,2006-05-23 3:55:37,2006-06-09 3:55:37,4778290674,mastercard
2,93,93,93,93,34870.09,1446,2009-05-06 3:07:01,2009-05-23 3:07:01,4725538655,jcb
1,94,94,94,94,74614.84,11740,2014-02-13 8:48:10,2014-03-14 8:48:10,5301600869,mastercard
1,95,95,95,95,56565.57,9563,2018-01-18 0:40:19,2018-02-14 0:40:19,2482718376,china-unionpay
2,96,96,96,96,47821.91,4458,2010-07-10 8:51:10,2010-07-24 8:51:10,3431036422,instapayment
2,97,97,97,97,71913.56,6734,2006-08-16 12:49:39,2006-09-07 12:49:39,7997249699,jcb
1,98,98,98,98,71332.03,10276,2007-06-17 23:07:26,2007-06-25 23:07:26,1660041007,instapayment
1,99,99,99,99,50341.55,10727,2014-02-19 23:10:37,2014-03-17 23:10:37,2167174233,jcb
2,100,100,100,100,91980.58,3901,2015-05-19 12:27:14,2015-06-06 12:27:14,8985788566,laser
1,101,101,101,101,94248.11,12330,2005-08-16 21:07:08,2005-09-12 21:07:08,497299364,diners-club-enroute
1,102,102,102,102,53571.97,10963,2012-11-13 21:57:11,2012-12-04 21:57:11,2075433526,china-unionpay
2,103,103,103,103,30555.36,3735,2013-09-20 11:42:15,2013-10-06 11:42:15,8786890557,visa
1,104,104,104,104,39716.64,11346,2020-02-14 3:49:55,2020-03-05 3:49:55,7863952166,jcb
1,105,105,105,105,46111.03,10359,2007-03-08 7:21:24,2007-03-27 7:21:24,7561616139,jcb
2,106,106,106,106,21513.85,4303,2017-01-18 21:18:32,2017-02-17 21:18:32,7044564488,diners-club-enroute
1,107,107,107,107,70107.1,6357,2015-09-18 7:39:56,2015-09-26 7:39:56,8811054664,bankcard
2,108,108,108,108,70459.55,6689,2012-02-06 12:56:01,2012-02-11 12:56:01,9111146516,jcb
2,109,109,109,109,61946.74,2088,2020-05-12 23:13:50,2020-06-05 23:13:50,8446464500,switch
1,110,110,110,110,46125.72,10178,2013-03-18 22:21:35,2013-04-15 22:21:35,7628231837,jcb
2,111,111,111,111,84324.06,11684,2009-09-16 8:21:33,2009-10-16 8:21:33,6006267586,diners-club-enroute
1,112,112,112,112,94217.5,11291,2012-01-12 5:43:36,2012-02-07 5:43:36,650812727,jcb
2,113,113,113,113,79078.46,2715,2016-06-30 20:31:38,2016-07-20 20:31:38,1493411705,maestro
2,114,114,114,114,59212.75,1934,2011-11-05 23:05:21,2011-11-16 23:05:21,9890813432,americanexpress
2,115,115,115,115,76291.43,2797,2007-02-07 17:54:17,2007-02-11 17:54:17,1824095287,visa
2,116,116,116,116,51856.97,9037,2015-06-30 1:03:45,2015-07-16 1:03:45,6331193588,diners-club-enroute
2,117,117,117,117,41651.36,8976,2007-01-19 19:38:27,2007-02-05 19:38:27,220123519,jcb
1,118,118,118,118,34978.26,8056,2005-10-23 23:02:24,2005-11-19 23:02:24,2702720420,bankcard
1,119,119,119,119,59900.49,7246,2017-05-10 7:55:50,2017-05-28 7:55:50,6566022228,switch
1,120,120,120,120,50390.15,8746,2014-11-03 22:46:38,2014-11-08 22:46:38,3385554306,jcb
2,121,121,121,121,20919.04,17737,2011-05-01 1:36:38,2011-05-28 1:36:38,2999118392,jcb
2,122,122,122,122,71459.59,8123,2018-09-16 14:23:19,2018-09-26 14:23:19,4432048492,jcb
2,123,123,123,123,18937.29,17367,2010-03-22 8:48:46,2010-04-08 8:48:46,7976675923,laser
1,124,124,124,124,28482.11,6705,2006-03-15 12:15:04,2006-04-10 12:15:04,6232764625,maestro
1,125,125,125,125,96558.68,3572,2013-05-18 9:04:51,2013-06-03 9:04:51,8456288837,jcb
2,126,126,126,126,51282.64,1328,2008-04-07 6:49:34,2008-04-12 6:49:34,9154391458,jcb
2,127,127,127,127,70338.07,13324,2013-03-25 10:03:12,2013-04-06 10:03:12,9472343414,jcb
2,128,128,128,128,25105.38,10313,2006-08-11 6:43:30,2006-09-05 6:43:30,3322891798,maestro
2,129,129,129,129,40810.35,13916,2008-10-17 18:52:27,2008-11-11 18:52:27,6650796026,bankcard
2,130,130,130,130,96313.86,7206,2008-11-03 0:18:41,2008-11-29 0:18:41,352114150,americanexpress
1,131,131,131,131,51242.66,8298,2017-12-15 5:27:40,2018-01-02 5:27:40,4537878649,jcb
1,132,132,132,132,57300.76,704,2008-05-22 2:39:58,2008-06-09 2:39:58,171941160,visa-electron
1,133,133,133,133,52874.19,4075,2014-03-07 2:56:13,2014-03-09 2:56:13,7203703770,jcb
2,134,134,134,134,76216.11,13104,2018-06-26 18:19:19,2018-07-18 18:19:19,5882871328,maestro
1,135,135,135,135,34360.32,9079,2020-02-21 15:36:12,2020-02-26 15:36:12,7070514999,jcb
1,136,136,136,136,61439.03,5331,2014-01-03 4:17:44,2014-01-29 4:17:44,3017890333,jcb
2,137,137,137,137,98405.71,5450,2013-08-09 0:04:00,2013-09-05 0:04:00,8809389778,switch
1,138,138,138,138,85735.81,6005,2020-03-09 4:58:57,2020-03-21 4:58:57,5510586346,china-unionpay
1,139,139,139,139,26494.1,542,2013-12-10 20:26:20,2013-12-29 20:26:20,1804290041,jcb
2,140,140,140,140,66317.75,11448,2014-05-23 13:06:25,2014-06-10 13:06:25,4389798316,maestro
1,141,141,141,141,56442.15,8195,2014-10-03 8:18:25,2014-10-05 8:18:25,7827336418,mastercard
2,142,142,142,142,81135.27,7689,2015-05-17 10:21:45,2015-06-15 10:21:45,3691716431,laser
2,143,143,143,143,46535.09,5245,2016-06-23 16:03:38,2016-06-28 16:03:38,5746297062,diners-club-enroute
2,144,144,144,144,85390.64,16849,2013-12-09 2:35:24,2013-12-11 2:35:24,4158709601,jcb
1,145,145,145,145,70263.57,919,2008-12-28 2:22:58,2009-01-09 2:22:58,9364832493,visa-electron
2,146,146,146,146,48995.25,8578,2014-06-14 8:14:05,2014-06-21 8:14:05,2369294280,solo
1,147,147,147,147,69661.75,17823,2005-05-13 20:16:15,2005-06-08 20:16:15,9324460897,jcb
2,148,148,148,148,52643.36,919,2018-10-24 10:14:02,2018-11-09 10:14:02,2380142505,jcb
1,149,149,149,149,80929.57,10167,2017-09-30 7:22:20,2017-10-11 7:22:20,4459358271,bankcard
2,150,150,150,150,68170.37,6684,2005-05-18 23:47:13,2005-05-25 23:47:13,5691962868,jcb
2,151,151,151,151,70703.04,16810,2011-03-21 4:24:00,2011-04-20 4:24:00,4934118063,bankcard
2,152,152,152,152,48010.2,2114,2017-05-13 20:30:59,2017-05-21 20:30:59,7990583305,jcb
1,153,153,153,153,84920.83,10236,2005-09-05 5:38:54,2005-09-22 5:38:54,8853236302,instapayment
1,154,154,154,154,82747.09,14483,2006-04-12 8:34:40,2006-04-15 8:34:40,2085267785,jcb
1,155,155,155,155,38380.13,10502,2007-11-18 10:51:39,2007-11-23 10:51:39,4286740544,jcb
1,156,156,156,156,90687.97,3152,2006-03-27 5:05:56,2006-04-04 5:05:56,8304976978,jcb
1,157,157,157,157,65365.87,2209,2007-10-16 15:05:01,2007-11-12 15:05:01,2631435222,americanexpress
2,158,158,158,158,75470.2,15923,2011-11-04 12:16:39,2011-11-15 12:16:39,5012849264,jcb
1,159,159,159,159,39534.69,2492,2018-10-14 10:29:27,2018-10-22 10:29:27,5752727324,jcb
2,160,160,160,160,21609.37,2475,2016-03-28 9:35:27,2016-04-23 9:35:27,746103166,mastercard
1,161,161,161,161,51536.29,13997,2008-11-28 20:50:46,2008-12-23 20:50:46,4485401219,jcb
2,162,162,162,162,40112.58,1830,2014-08-09 18:57:25,2014-08-27 18:57:25,288768094,jcb
2,163,163,163,163,93384.82,10699,2017-08-04 6:10:06,2017-09-02 6:10:06,214315525,jcb
2,164,164,164,164,28917.18,13883,2011-06-21 7:17:15,2011-07-02 7:17:15,2471087728,laser
2,165,165,165,165,18073.83,3080,2014-07-19 16:07:46,2014-07-26 16:07:46,6542280804,jcb
1,166,166,166,166,57344.38,7912,2018-09-21 19:45:45,2018-10-16 19:45:45,6847159782,china-unionpay
1,167,167,167,167,91905.73,5833,2005-07-07 22:16:24,2005-07-08 22:16:24,5057726293,visa
1,168,168,168,168,46665.7,5332,2017-08-08 14:25:46,2017-08-18 14:25:46,3338657846,laser
1,169,169,169,169,88539.46,7428,2012-07-23 0:41:50,2012-08-16 0:41:50,908046049,americanexpress
1,170,170,170,170,45871.85,11086,2006-05-30 9:15:33,2006-06-17 9:15:33,9728433050,jcb
2,171,171,171,171,98002.44,10067,2011-12-17 4:21:19,2012-01-08 4:21:19,8243128867,jcb
1,172,172,172,172,48313.16,4140,2012-09-27 14:59:19,2012-10-26 14:59:19,7666050232,mastercard
1,173,173,173,173,42682.77,17372,2015-03-30 15:44:40,2015-04-08 15:44:40,3252756757,bankcard
2,174,174,174,174,55134.15,9889,2005-09-20 7:39:04,2005-09-24 7:39:04,3550979460,switch
2,175,175,175,175,77983.92,12275,2017-03-29 0:53:46,2017-03-31 0:53:46,3905330067,china-unionpay
2,176,176,176,176,33060.35,9940,2013-05-04 15:40:54,2013-06-03 15:40:54,3880838372,china-unionpay
2,177,177,177,177,37112.81,7004,2018-02-14 12:43:44,2018-02-23 12:43:44,1721773231,jcb
1,178,178,178,178,80810.68,4130,2008-04-04 13:44:10,2008-04-11 13:44:10,2544319550,china-unionpay
2,179,179,179,179,87606.52,17536,2007-05-20 9:30:09,2007-05-21 9:30:09,6168525521,diners-club-carte-blanche
1,180,180,180,180,26441.8,12513,2010-09-14 3:55:46,2010-10-09 3:55:46,8070822422,diners-club-international
1,181,181,181,181,73151.54,11493,2014-11-06 9:42:42,2014-11-28 9:42:42,3976708585,jcb
1,182,182,182,182,25388.15,6370,2009-10-22 16:04:59,2009-10-26 16:04:59,7509772109,diners-club-international
1,183,183,183,183,77062.35,5485,2011-03-08 13:28:58,2011-03-26 13:28:58,4488624871,maestro
1,184,184,184,184,66877.49,16638,2019-10-10 21:41:16,2019-11-03 21:41:16,4507251702,maestro
1,185,185,185,185,41205.29,3036,2011-07-21 10:02:03,2011-07-26 10:02:03,3626066797,switch
1,186,186,186,186,22963.78,6759,2018-12-19 18:10:31,2018-12-24 18:10:31,4366484218,switch
2,187,187,187,187,67541.74,11848,2014-10-26 2:44:16,2014-10-29 2:44:16,4290396143,diners-club-carte-blanche
2,188,188,188,188,83862.67,9701,2006-08-07 16:44:33,2006-08-16 16:44:33,8011815792,bankcard
2,189,189,189,189,51284.05,16153,2012-04-07 17:44:44,2012-04-29 17:44:44,9527925010,maestro
2,190,190,190,190,18122.55,6588,2013-08-09 14:23:14,2013-08-30 14:23:14,7103556032,diners-club-enroute
2,191,191,191,191,38116.82,5628,2008-07-02 21:16:34,2008-07-16 21:16:34,5662576998,jcb
1,192,192,192,192,78331.3,3829,2005-05-21 11:24:09,2005-06-17 11:24:09,8014624157,diners-club-carte-blanche
2,193,193,193,193,39325.88,2284,2014-01-07 15:52:36,2014-01-12 15:52:36,813901472,maestro
2,194,194,194,194,24090.68,9130,2018-01-10 8:45:29,2018-01-30 8:45:29,9411771009,instapayment
2,195,195,195,195,67425.81,11889,2017-08-21 19:52:06,2017-09-18 19:52:06,1314361066,americanexpress
1,196,196,196,196,86696.74,5936,2013-01-30 14:32:27,2013-02-03 14:32:27,3290464784,jcb
1,197,197,197,197,93588.71,4832,2009-02-05 3:14:07,2009-02-21 3:14:07,9477586072,jcb
1,198,198,198,198,50271.06,980,2018-12-02 19:10:54,2018-12-23 19:10:54,1840421630,maestro
1,199,199,199,199,58858.83,1826,2010-09-16 8:53:28,2010-09-17 8:53:28,6849776894,jcb
1,200,200,200,200,91101.22,11004,2007-07-22 10:25:29,2007-07-25 10:25:29,8347368503,jcb
1,201,201,201,201,18302.55,15249,2013-11-29 12:37:28,2013-12-25 12:37:28,4307057740,jcb
1,202,202,202,202,88240.03,16358,2018-03-13 11:11:18,2018-03-26 11:11:18,4818146250,maestro
2,203,203,203,203,79933.62,13877,2010-09-13 22:05:05,2010-10-03 22:05:05,8663394101,jcb
2,204,204,204,204,20296.67,16911,2009-01-07 1:24:27,2009-01-19 1:24:27,4247902067,americanexpress
1,205,205,205,205,80667.68,2961,2015-06-29 7:54:38,2015-07-27 7:54:38,2164259580,mastercard
1,206,206,206,206,69534.62,3459,2013-08-10 5:13:15,2013-08-18 5:13:15,5958888196,jcb
1,207,207,207,207,40086.45,12435,2013-01-31 5:55:23,2013-02-25 5:55:23,5461231969,jcb
2,208,208,208,208,29254.5,10095,2019-07-10 19:10:19,2019-07-26 19:10:19,9344802122,diners-club-us-ca
1,209,209,209,209,28327.86,7812,2009-04-23 2:42:57,2009-05-04 2:42:57,5044268844,jcb
2,210,210,210,210,96434.85,803,2018-07-31 18:18:19,2018-08-01 18:18:19,6133212438,diners-club-carte-blanche
1,211,211,211,211,65356.94,12128,2015-05-31 7:11:52,2015-06-02 7:11:52,7350481,americanexpress
1,212,212,212,212,94157.74,17350,2006-01-09 9:41:15,2006-01-16 9:41:15,2693533783,diners-club-carte-blanche
2,213,213,213,213,49649.09,9700,2015-03-27 20:56:08,2015-04-15 20:56:08,2659804370,jcb
1,214,214,214,214,28797.87,7857,2015-05-09 20:04:32,2015-05-13 20:04:32,560123965,switch
1,215,215,215,215,69199.42,7013,2013-12-01 5:15:27,2013-12-23 5:15:27,1975901029,jcb
2,216,216,216,216,78315.32,3056,2019-12-14 5:54:49,2019-12-27 5:54:49,3836595850,mastercard
1,217,217,217,217,52012.79,6686,2017-05-21 5:50:40,2017-06-08 5:50:40,8712089095,laser
2,218,218,218,218,26757.99,7114,2012-07-30 20:42:21,2012-08-28 20:42:21,8434384035,jcb
1,219,219,219,219,91984.71,15409,2007-08-16 23:02:29,2007-08-24 23:02:29,2118258801,jcb
2,220,220,220,220,69422.44,6691,2016-12-29 19:48:37,2016-12-30 19:48:37,7494249443,jcb
2,221,221,221,221,29251.33,10342,2015-06-13 2:12:42,2015-06-27 2:12:42,1070707325,maestro
2,222,222,222,222,94480.15,14936,2016-10-03 12:14:05,2016-10-26 12:14:05,7106476900,mastercard
1,223,223,223,223,79528.25,10752,2011-04-04 11:12:35,2011-04-24 11:12:35,6147293966,jcb
2,224,224,224,224,54803.5,11106,2005-12-27 22:39:11,2006-01-18 22:39:11,3524401597,jcb
2,225,225,225,225,44131.26,3846,2006-11-18 19:58:55,2006-11-20 19:58:55,5609250447,switch
1,226,226,226,226,28171.04,4921,2014-12-26 6:57:38,2015-01-09 6:57:38,3695066393,jcb
2,227,227,227,227,92320.48,12993,2012-04-20 7:29:08,2012-05-11 7:29:08,433175133,laser
2,228,228,228,228,64029.38,10910,2017-04-25 7:16:38,2017-05-16 7:16:38,150631375,jcb
1,229,229,229,229,47773.93,3162,2008-12-19 8:10:03,2008-12-30 8:10:03,360638554,diners-club-carte-blanche
2,230,230,230,230,40954,2920,2015-09-19 17:14:21,2015-10-14 17:14:21,6426012122,visa
2,231,231,231,231,87536.44,15297,2016-12-02 18:09:10,2016-12-22 18:09:10,6660055479,jcb
1,232,232,232,232,43335.42,5352,2009-04-09 13:33:07,2009-04-13 13:33:07,4460722038,jcb
1,233,233,233,233,62434.87,15967,2019-01-03 21:56:25,2019-01-15 21:56:25,2388654270,jcb
2,234,234,234,234,80851.1,2145,2018-12-27 15:23:44,2019-01-14 15:23:44,3562568592,diners-club-carte-blanche
1,235,235,235,235,57252.75,11734,2007-04-09 13:23:59,2007-05-03 13:23:59,5756752331,visa-electron
1,236,236,236,236,57563.91,3460,2017-06-10 15:58:07,2017-06-11 15:58:07,940637375,switch
1,237,237,237,237,37912.95,7127,2005-05-23 0:14:34,2005-06-10 0:14:34,1729098983,bankcard
2,238,238,238,238,75606.62,17246,2005-09-23 8:55:14,2005-10-07 8:55:14,9224930344,jcb
1,239,239,239,239,28609.4,10988,2020-05-10 1:57:07,2020-05-27 1:57:07,647055554,visa
1,240,240,240,240,22043.33,3966,2012-03-03 2:54:32,2012-03-25 2:54:32,2212894104,jcb
2,241,241,241,241,74351.74,17352,2016-02-08 2:15:23,2016-02-16 2:15:23,960967427,jcb
1,242,242,242,242,26753.37,11460,2013-10-30 19:16:41,2013-11-15 19:16:41,486892557,jcb
1,243,243,243,243,88261.03,11188,2018-02-20 21:40:00,2018-03-21 21:40:00,6526918727,diners-club-carte-blanche
2,244,244,244,244,46734.1,14616,2017-06-11 12:08:02,2017-06-25 12:08:02,2211638430,mastercard
1,245,245,245,245,84293.28,13808,2010-01-13 5:27:38,2010-01-29 5:27:38,5382471851,china-unionpay
1,246,246,246,246,18473.58,13991,2005-12-03 10:52:26,2005-12-13 10:52:26,4566050963,laser
2,247,247,247,247,52226.8,9745,2018-06-21 10:02:00,2018-06-27 10:02:00,4283995142,jcb
1,248,248,248,248,95406.56,15297,2019-03-03 11:17:04,2019-03-08 11:17:04,4343482936,visa-electron
2,249,249,249,249,31084.97,10976,2007-06-13 0:29:36,2007-06-27 0:29:36,8959077909,jcb
2,250,250,250,250,68141.57,12889,2012-07-21 7:07:42,2012-08-08 7:07:42,5796570447,jcb
1,251,251,251,251,19521.15,11849,2014-01-13 11:17:47,2014-02-02 11:17:47,4934987347,jcb
2,252,252,252,252,92365.48,13957,2013-03-15 2:49:57,2013-04-04 2:49:57,2333107197,bankcard
2,253,253,253,253,42910.44,4350,2019-10-28 6:26:50,2019-11-12 6:26:50,2955740802,americanexpress
2,254,254,254,254,73528.97,8969,2020-06-19 3:41:23,2020-06-23 3:41:23,963349015,visa
1,255,255,255,255,32268.27,11559,2011-02-11 22:25:20,2011-02-28 22:25:20,1353782964,jcb
2,256,256,256,256,98294.19,5333,2013-11-08 15:10:58,2013-11-30 15:10:58,2871916195,jcb
1,257,257,257,257,80097.49,6636,2012-12-01 11:26:23,2012-12-26 11:26:23,4014594785,switch
2,258,258,258,258,18961.13,3910,2015-01-18 1:13:44,2015-01-27 1:13:44,9785727947,mastercard
1,259,259,259,259,73665.31,10700,2011-11-04 22:17:00,2011-11-18 22:17:00,3293288790,switch
2,260,260,260,260,38291.91,7138,2017-10-29 16:10:29,2017-11-03 16:10:29,1829194607,switch
2,261,261,261,261,44595.66,11719,2019-09-27 12:48:55,2019-10-09 12:48:55,1579525288,jcb
1,262,262,262,262,86345.94,16749,2006-05-23 10:41:12,2006-06-13 10:41:12,9706195688,switch
2,263,263,263,263,18448.51,7070,2006-03-06 14:11:43,2006-03-21 14:11:43,4782241615,jcb
2,264,264,264,264,97088.87,6367,2010-03-25 3:14:25,2010-04-22 3:14:25,1436821134,visa
1,265,265,265,265,91029.89,2024,2009-11-10 21:11:41,2009-11-13 21:11:41,9630994178,laser
2,266,266,266,266,67256.35,16077,2016-01-06 1:27:41,2016-01-22 1:27:41,4389314033,visa
2,267,267,267,267,32884.7,16684,2009-05-22 5:36:34,2009-05-24 5:36:34,9176942422,diners-club-carte-blanche
2,268,268,268,268,19126.56,15996,2018-10-23 18:25:22,2018-11-15 18:25:22,9019659847,maestro
1,269,269,269,269,27487.63,4801,2009-02-22 15:09:37,2009-03-17 15:09:37,7824414361,jcb
2,270,270,270,270,69571.39,13180,2013-07-06 20:08:08,2013-07-08 20:08:08,9530383045,mastercard
2,271,271,271,271,80314.52,12967,2011-07-01 1:42:16,2011-07-17 1:42:16,9600238286,switch
2,272,272,272,272,92163.46,4777,2015-02-06 17:24:53,2015-02-14 17:24:53,1658487222,mastercard
2,273,273,273,273,26498.11,7943,2005-12-09 10:33:58,2005-12-12 10:33:58,3380523763,diners-club-us-ca
1,274,274,274,274,34791,5298,2011-11-08 16:00:14,2011-11-26 16:00:14,1678244252,jcb
2,275,275,275,275,63457.35,7139,2017-06-05 8:44:00,2017-06-19 8:44:00,2402677171,mastercard
1,276,276,276,276,67013.24,2767,2019-03-31 5:29:29,2019-04-26 5:29:29,7917938972,mastercard
2,277,277,277,277,56631.95,13364,2008-01-28 14:22:02,2008-02-07 14:22:02,882299700,mastercard
2,278,278,278,278,34807.81,2537,2019-02-11 2:15:26,2019-03-11 2:15:26,6249372784,jcb
1,279,279,279,279,43369.45,845,2016-08-06 3:36:08,2016-08-28 3:36:08,3910425976,jcb
1,280,280,280,280,42569.04,12474,2011-09-17 7:15:13,2011-09-22 7:15:13,8201441257,jcb
1,281,281,281,281,69552.89,3897,2012-11-15 9:33:34,2012-12-05 9:33:34,1151865745,maestro
2,282,282,282,282,86519.11,4583,2011-08-23 13:45:40,2011-08-25 13:45:40,2494930669,jcb
1,283,283,283,283,30732.2,10570,2012-06-15 1:33:36,2012-06-22 1:33:36,9625846085,china-unionpay
2,284,284,284,284,25927.47,12573,2011-01-04 17:06:39,2011-01-19 17:06:39,661793931,diners-club-carte-blanche
1,285,285,285,285,54473.1,11600,2014-08-07 8:08:27,2014-08-27 8:08:27,7768810503,visa
2,286,286,286,286,38553.03,14472,2011-10-09 9:03:05,2011-10-10 9:03:05,3115821964,switch
1,287,287,287,287,23196.02,16902,2017-11-17 2:11:18,2017-12-08 2:11:18,6108673729,visa-electron
1,288,288,288,288,36406.24,12100,2017-02-27 11:33:43,2017-03-16 11:33:43,7872197650,switch
2,289,289,289,289,30023.39,9204,2016-06-11 0:19:06,2016-06-30 0:19:06,7689066593,americanexpress
1,290,290,290,290,45309.39,6508,2007-08-09 4:31:54,2007-08-25 4:31:54,8437193575,mastercard
1,291,291,291,291,97715.57,12653,2019-12-06 20:11:35,2019-12-16 20:11:35,613684907,jcb
2,292,292,292,292,35797.63,5442,2020-02-02 2:58:18,2020-02-14 2:58:18,9918023430,jcb
2,293,293,293,293,54343.47,8161,2018-03-28 2:50:43,2018-04-01 2:50:43,2162781204,diners-club-enroute
1,294,294,294,294,26803.56,11405,2013-09-25 2:03:32,2013-10-25 2:03:32,4696276953,mastercard
1,295,295,295,295,69915.14,16274,2010-12-12 7:53:26,2011-01-01 7:53:26,1458626849,switch
1,296,296,296,296,60852.89,1827,2014-02-07 3:42:54,2014-02-14 3:42:54,8400270959,diners-club-us-ca
2,297,297,297,297,26625.91,15144,2019-10-28 9:36:42,2019-11-26 9:36:42,3579791753,bankcard
1,298,298,298,298,34542.73,13265,2018-12-15 6:20:37,2018-12-22 6:20:37,6770516225,maestro
1,299,299,299,299,57887.51,16303,2015-10-17 22:54:53,2015-10-30 22:54:53,6007771202,diners-club-carte-blanche
1,300,300,300,300,80539.22,2729,2007-07-09 17:46:27,2007-08-01 17:46:27,4233349638,diners-club-enroute
2,301,301,301,301,81529.48,4173,2007-05-17 17:11:56,2007-05-22 17:11:56,9077992561,jcb
2,302,302,302,302,79613.18,9866,2007-12-23 7:38:29,2008-01-11 7:38:29,2362130274,americanexpress
2,303,303,303,303,49962.82,2481,2010-12-12 13:50:10,2010-12-30 13:50:10,7175881770,mastercard
2,304,304,304,304,83114.91,8641,2007-05-06 7:11:07,2007-06-01 7:11:07,1471042197,jcb
1,305,305,305,305,42702.05,1037,2007-07-18 14:01:36,2007-08-06 14:01:36,966280555,jcb
2,306,306,306,306,48372.94,6940,2010-01-18 9:23:52,2010-02-04 9:23:52,4681093580,jcb
1,307,307,307,307,31843.33,10109,2008-08-05 21:18:48,2008-08-20 21:18:48,353235970,solo
2,308,308,308,308,59477.79,10046,2018-04-25 21:19:21,2018-05-14 21:19:21,4283308897,bankcard
2,309,309,309,309,54954.14,1981,2011-08-09 15:20:23,2011-08-15 15:20:23,2363469127,jcb
2,310,310,310,310,94615.08,4365,2012-02-10 19:17:54,2012-02-24 19:17:54,5037498902,jcb
1,311,311,311,311,41288.81,12419,2018-03-22 21:43:43,2018-04-20 21:43:43,8617108037,visa
1,312,312,312,312,79581.01,15156,2011-05-23 12:06:35,2011-06-11 12:06:35,266592732,jcb
1,313,313,313,313,76074.53,15238,2008-11-14 19:44:26,2008-11-20 19:44:26,3163917895,jcb
2,314,314,314,314,20016.48,7793,2008-11-26 0:01:41,2008-12-23 0:01:41,3665403936,laser
2,315,315,315,315,91800.69,15339,2009-12-11 8:22:49,2009-12-22 8:22:49,8731213340,jcb
2,316,316,316,316,96347,16268,2007-11-26 8:56:18,2007-12-08 8:56:18,7639794714,laser
2,317,317,317,317,60759.12,4070,2019-07-30 18:39:29,2019-08-16 18:39:29,8808336077,diners-club-international
1,318,318,318,318,81433.68,7888,2006-08-29 2:25:08,2006-09-16 2:25:08,8667119407,switch
2,319,319,319,319,34575.74,16641,2007-10-12 1:15:19,2007-11-03 1:15:19,8447387542,diners-club-enroute
1,320,320,320,320,21679.03,17013,2015-03-10 2:48:58,2015-03-27 2:48:58,311911374,visa-electron
1,321,321,321,321,49624.59,13153,2010-07-11 6:27:37,2010-08-08 6:27:37,4051541088,diners-club-carte-blanche
1,322,322,322,322,79447.65,12995,2009-11-04 9:58:34,2009-11-22 9:58:34,2800524782,jcb
1,323,323,323,323,92963,13583,2007-11-21 10:10:41,2007-12-13 10:10:41,910452520,maestro
2,324,324,324,324,48655.34,8279,2009-03-24 20:34:46,2009-04-07 20:34:46,2919218514,maestro
1,325,325,325,325,71516.77,8485,2016-12-23 10:21:33,2017-01-15 10:21:33,6919630850,bankcard
1,326,326,326,326,31721.82,4113,2019-09-10 22:40:47,2019-09-11 22:40:47,112001122,bankcard
1,327,327,327,327,44731.7,3162,2017-06-25 10:35:51,2017-07-18 10:35:51,7715730815,laser
1,328,328,328,328,81249.91,17073,2014-11-09 9:57:00,2014-11-15 9:57:00,8350434996,jcb
2,329,329,329,329,45689.11,4653,2007-03-20 13:59:19,2007-04-02 13:59:19,9041344446,visa-electron
2,330,330,330,330,44899.44,17990,2019-12-09 1:49:03,2019-12-18 1:49:03,9994048295,jcb
1,331,331,331,331,57553.26,10978,2020-04-17 18:47:02,2020-05-16 18:47:02,4703883856,jcb
2,332,332,332,332,19265.23,13844,2019-12-25 8:34:36,2020-01-07 8:34:36,9803211781,mastercard
2,333,333,333,333,48457.17,12826,2017-02-13 1:52:39,2017-03-08 1:52:39,7034125120,jcb
2,334,334,334,334,66999.66,4781,2013-11-14 19:37:19,2013-11-15 19:37:19,8357851738,laser
2,335,335,335,335,80891.39,10767,2012-07-30 10:09:11,2012-08-11 10:09:11,5508142622,jcb
1,336,336,336,336,64524.22,8102,2007-06-23 4:57:50,2007-07-17 4:57:50,7447569836,jcb
2,337,337,337,337,30201.56,13035,2005-05-21 18:01:13,2005-06-12 18:01:13,1906450595,maestro
1,338,338,338,338,24866.1,4340,2006-12-16 14:16:09,2007-01-06 14:16:09,9956750751,jcb
1,339,339,339,339,83578.14,17749,2005-10-31 4:49:28,2005-11-14 4:49:28,2962038220,china-unionpay
1,340,340,340,340,19570.63,11989,2009-02-25 21:49:20,2009-03-22 21:49:20,348850379,diners-club-carte-blanche
1,341,341,341,341,37520.01,3886,2016-05-01 8:40:02,2016-05-12 8:40:02,2251646159,jcb
1,342,342,342,342,97575.67,9059,2006-01-19 3:51:15,2006-02-11 3:51:15,8179080803,jcb
2,343,343,343,343,52795.59,13008,2012-05-16 4:23:39,2012-05-21 4:23:39,6467763289,bankcard
2,344,344,344,344,91604,6996,2018-09-16 16:28:58,2018-09-23 16:28:58,7150480748,americanexpress
1,345,345,345,345,84385.18,14695,2009-08-31 14:44:19,2009-09-14 14:44:19,1185668802,mastercard
1,346,346,346,346,19108.12,1633,2014-02-11 14:40:19,2014-02-16 14:40:19,8439301413,jcb
1,347,347,347,347,72521.23,1341,2009-12-13 9:21:07,2009-12-15 9:21:07,3575427828,solo
2,348,348,348,348,32813.51,6388,2017-04-10 18:25:34,2017-04-29 18:25:34,4409625160,mastercard
2,349,349,349,349,44197.28,2582,2011-01-16 12:42:41,2011-02-02 12:42:41,9710225235,jcb
2,350,350,350,350,30962.22,11174,2017-12-02 6:37:32,2017-12-31 6:37:32,3386279937,jcb
2,351,351,351,351,54290.73,7016,2009-01-15 15:58:10,2009-02-02 15:58:10,2127325885,jcb
2,352,352,352,352,85906.91,14802,2012-10-04 9:39:15,2012-10-16 9:39:15,6066373366,jcb
1,353,353,353,353,65638.71,6826,2014-04-25 2:55:37,2014-05-12 2:55:37,4917039290,jcb
2,354,354,354,354,40129.13,17825,2014-01-04 5:12:16,2014-01-25 5:12:16,1271709481,jcb
2,355,355,355,355,40292.01,16894,2009-05-30 5:52:48,2009-06-14 5:52:48,9952631979,visa-electron
2,356,356,356,356,21161.22,5836,2018-04-11 11:18:57,2018-05-04 11:18:57,6327713785,diners-club-carte-blanche
2,357,357,357,357,94394.66,11006,2015-01-05 8:10:48,2015-01-15 8:10:48,6860923695,jcb
1,358,358,358,358,39677.58,3950,2018-06-27 14:20:50,2018-07-24 14:20:50,7449927373,jcb
1,359,359,359,359,79093.68,11911,2006-08-21 6:58:27,2006-09-14 6:58:27,8422298341,jcb
2,360,360,360,360,19421.79,17513,2013-04-14 11:06:22,2013-04-30 11:06:22,849306329,laser
1,361,361,361,361,92004.02,10582,2010-12-28 15:42:46,2011-01-21 15:42:46,8015958938,bankcard
1,362,362,362,362,25765.44,17263,2007-08-04 12:09:20,2007-08-12 12:09:20,2147173584,maestro
2,363,363,363,363,62996.83,17430,2018-03-02 17:54:14,2018-03-30 17:54:14,3300150132,visa
1,364,364,364,364,40723.21,4690,2014-12-01 13:06:08,2014-12-31 13:06:08,2507010533,jcb
2,365,365,365,365,85577.13,2006,2011-04-01 17:37:19,2011-04-20 17:37:19,6093695166,visa-electron
1,366,366,366,366,83009.14,4975,2019-08-25 20:43:11,2019-09-02 20:43:11,6371819240,china-unionpay
2,367,367,367,367,76356.28,6045,2015-12-06 4:30:14,2016-01-02 4:30:14,5739062772,bankcard
2,368,368,368,368,56624.47,15862,2019-09-29 15:49:10,2019-10-05 15:49:10,564325244,jcb
1,369,369,369,369,56819.89,11072,2013-11-26 0:49:14,2013-12-16 0:49:14,5226848749,jcb
1,370,370,370,370,48755.66,12559,2006-12-27 1:53:31,2007-01-24 1:53:31,9391372821,mastercard
1,371,371,371,371,48709.55,12536,2007-11-24 9:57:07,2007-12-05 9:57:07,282650512,jcb
1,372,372,372,372,21035.39,10319,2006-12-03 13:32:07,2006-12-25 13:32:07,87473402,diners-club-enroute
1,373,373,373,373,90969.48,13189,2006-03-14 15:38:43,2006-03-21 15:38:43,497974975,jcb
1,374,374,374,374,85873.26,823,2017-03-26 4:46:08,2017-04-21 4:46:08,7169630702,mastercard
1,375,375,375,375,92579.52,15057,2007-05-15 5:42:12,2007-05-18 5:42:12,9252884416,maestro
1,376,376,376,376,78337.58,17391,2011-07-28 7:35:09,2011-08-19 7:35:09,4529387348,jcb
2,377,377,377,377,22821.89,2529,2008-06-02 11:40:00,2008-06-03 11:40:00,4964998630,jcb
2,378,378,378,378,70432.44,17748,2015-04-20 22:13:55,2015-05-04 22:13:55,9783560387,jcb
1,379,379,379,379,23638.51,2788,2011-01-17 15:40:00,2011-02-02 15:40:00,4873013771,jcb
1,380,380,380,380,79594.76,4654,2019-08-26 10:17:39,2019-08-29 10:17:39,6932713772,jcb
2,381,381,381,381,29583.29,1881,2008-03-12 2:24:58,2008-03-17 2:24:58,8835715377,jcb
2,382,382,382,382,93134.54,7478,2009-12-16 17:00:28,2009-12-19 17:00:28,4585474544,jcb
1,383,383,383,383,37847.91,9252,2005-07-12 4:58:58,2005-08-04 4:58:58,9051955804,maestro
1,384,384,384,384,65125.88,5022,2010-09-26 18:37:35,2010-10-08 18:37:35,4203255708,jcb
2,385,385,385,385,49012.8,12329,2007-07-21 23:02:40,2007-07-25 23:02:40,5273152526,jcb
1,386,386,386,386,36560.25,7678,2006-09-20 11:37:42,2006-09-29 11:37:42,8205398224,visa
2,387,387,387,387,77600.33,13411,2006-07-16 21:27:30,2006-08-01 21:27:30,9437435235,jcb
1,388,388,388,388,65994.85,13552,2010-10-01 2:25:13,2010-10-16 2:25:13,7589901997,jcb
1,389,389,389,389,83453.73,1275,2005-11-23 10:40:33,2005-12-12 10:40:33,6622600775,mastercard
2,390,390,390,390,71581.73,15411,2014-07-05 3:29:04,2014-07-15 3:29:04,1904239498,jcb
1,391,391,391,391,83918.79,775,2013-07-09 8:34:42,2013-07-12 8:34:42,9975488277,jcb
1,392,392,392,392,65367.67,17546,2019-11-08 15:51:57,2019-12-02 15:51:57,3912358907,americanexpress
1,393,393,393,393,61087.88,15294,2014-08-23 6:15:24,2014-09-14 6:15:24,9811158576,maestro
2,394,394,394,394,46270.81,5706,2008-01-05 18:13:43,2008-01-15 18:13:43,5771115967,mastercard
2,395,395,395,395,90330.28,14459,2015-02-14 15:09:34,2015-02-19 15:09:34,836079477,laser
2,396,396,396,396,43090.38,11765,2011-05-02 8:27:25,2011-05-27 8:27:25,3937642390,jcb
1,397,397,397,397,61335.43,6948,2009-01-11 0:35:11,2009-01-25 0:35:11,1607327635,bankcard
2,398,398,398,398,68635.47,7371,2012-09-05 10:15:46,2012-10-03 10:15:46,3002153656,americanexpress
2,399,399,399,399,88380.2,4270,2014-04-15 17:09:42,2014-05-10 17:09:42,1824217676,jcb
2,400,400,400,400,54722.75,920,2005-10-10 10:54:25,2005-10-22 10:54:25,1366012100,jcb
1,401,401,401,401,63906.79,1163,2019-06-30 16:17:35,2019-07-29 16:17:35,2984174593,switch
2,402,402,402,402,65079.13,5899,2008-12-01 0:08:01,2008-12-12 0:08:01,1018124136,mastercard
2,403,403,403,403,94702.95,6454,2006-09-29 4:49:48,2006-10-05 4:49:48,8650271308,visa-electron
2,404,404,404,404,35970.4,1404,2011-01-19 15:21:58,2011-01-31 15:21:58,2127309324,diners-club-carte-blanche
2,405,405,405,405,82412.14,3811,2009-08-06 9:23:33,2009-08-17 9:23:33,995599939,jcb
1,406,406,406,406,45547.81,12743,2016-12-27 7:49:01,2017-01-24 7:49:01,913110302,jcb
2,407,407,407,407,76495.49,9234,2016-12-07 21:03:10,2017-01-03 21:03:10,6629272013,instapayment
2,408,408,408,408,46486.67,5835,2017-03-16 8:28:32,2017-03-25 8:28:32,8545852355,jcb
1,409,409,409,409,18083.46,15168,2019-05-31 20:00:20,2019-06-21 20:00:20,9159855649,jcb
1,410,410,410,410,96949.87,4461,2011-03-26 14:05:18,2011-03-27 14:05:18,1110356463,maestro
1,411,411,411,411,48636.91,13950,2016-11-23 16:53:10,2016-12-15 16:53:10,9019013912,maestro
2,412,412,412,412,73340.98,17883,2010-09-05 11:27:14,2010-09-11 11:27:14,988500132,diners-club-enroute
1,413,413,413,413,40386.22,17771,2016-06-12 16:51:25,2016-06-17 16:51:25,8781451938,jcb
1,414,414,414,414,21881.59,1734,2016-04-08 21:54:51,2016-05-06 21:54:51,6601491217,jcb
1,415,415,415,415,88800.32,17169,2013-07-08 14:45:57,2013-07-26 14:45:57,3489309480,visa-electron
1,416,416,416,416,76537.05,15503,2018-10-16 4:10:37,2018-10-27 4:10:37,4174888434,visa-electron
1,417,417,417,417,60571.05,15224,2015-01-13 22:55:22,2015-02-02 22:55:22,6923711843,visa
1,418,418,418,418,80694.77,17067,2016-09-11 5:22:47,2016-10-09 5:22:47,4243338663,bankcard
1,419,419,419,419,41213.51,14768,2010-10-09 1:30:03,2010-10-11 1:30:03,5179573971,jcb
2,420,420,420,420,63369.7,13627,2017-02-18 19:42:52,2017-03-05 19:42:52,975187740,diners-club-enroute
1,421,421,421,421,47363.35,10852,2008-03-16 12:12:37,2008-03-26 12:12:37,2990365931,jcb
2,422,422,422,422,38542.38,13228,2010-08-04 14:34:47,2010-08-14 14:34:47,5218804630,jcb
2,423,423,423,423,64797.41,15599,2009-09-28 13:51:27,2009-09-30 13:51:27,1151411698,maestro
2,424,424,424,424,52572.05,1660,2013-09-24 5:57:10,2013-09-29 5:57:10,2349798895,jcb
1,425,425,425,425,23438.48,6190,2006-10-12 12:21:57,2006-10-26 12:21:57,5484827868,maestro
1,426,426,426,426,46412.27,2881,2007-04-17 6:24:27,2007-05-16 6:24:27,1925886921,diners-club-enroute
1,427,427,427,427,39679.09,8356,2018-05-19 17:21:33,2018-06-12 17:21:33,8558156999,maestro
1,428,428,428,428,65501.68,6025,2005-11-05 23:42:51,2005-12-01 23:42:51,1034772708,mastercard
1,429,429,429,429,83632.86,13963,2008-05-01 3:47:07,2008-05-10 3:47:07,8165734415,laser
2,430,430,430,430,56610.65,11232,2012-11-01 2:28:23,2012-11-29 2:28:23,7404110629,jcb
1,431,431,431,431,36392.07,16088,2017-12-08 18:03:52,2018-01-06 18:03:52,3381476440,jcb
1,432,432,432,432,97610.06,937,2005-10-07 13:05:44,2005-10-16 13:05:44,5337321234,jcb
2,433,433,433,433,44650.57,5822,2015-01-20 17:46:32,2015-01-24 17:46:32,7102290470,bankcard
1,434,434,434,434,26989.33,15950,2005-12-12 2:55:43,2005-12-29 2:55:43,4381793161,jcb
2,435,435,435,435,57130.81,7949,2020-01-24 2:14:46,2020-01-29 2:14:46,8406581530,jcb
1,436,436,436,436,60061.82,7347,2015-02-26 4:14:00,2015-03-15 4:14:00,3980642968,jcb
2,437,437,437,437,35010.42,17512,2009-09-20 15:12:33,2009-10-14 15:12:33,544511980,visa-electron
2,438,438,438,438,19337.57,3583,2012-04-13 10:43:05,2012-04-18 10:43:05,488502292,jcb
1,439,439,439,439,49930.85,6132,2014-05-05 15:39:31,2014-05-24 15:39:31,8822412729,jcb
1,440,440,440,440,24670.26,12749,2017-03-09 1:57:21,2017-03-17 1:57:21,2413781161,bankcard
2,441,441,441,441,97711.12,2097,2017-09-06 22:54:38,2017-09-17 22:54:38,2507054034,visa-electron
2,442,442,442,442,83200.03,4394,2013-12-18 2:44:11,2014-01-08 2:44:11,9700525872,maestro
2,443,443,443,443,40104.42,8966,2007-02-21 13:27:07,2007-03-09 13:27:07,5495276418,maestro
1,444,444,444,444,62186.22,5675,2017-03-26 17:52:02,2017-04-17 17:52:02,3464534804,jcb
1,445,445,445,445,98061.6,15639,2012-04-17 18:01:47,2012-05-15 18:01:47,8446330474,maestro
2,446,446,446,446,79635.06,5929,2007-07-17 9:31:08,2007-08-15 9:31:08,6656570755,visa-electron
1,447,447,447,447,70134.76,6927,2006-03-10 11:52:46,2006-03-31 11:52:46,998309060,jcb
2,448,448,448,448,28256.93,9004,2014-10-15 20:00:13,2014-10-30 20:00:13,8221810495,maestro
2,449,449,449,449,21872.24,7807,2013-02-27 7:50:56,2013-03-17 7:50:56,2715316216,jcb
2,450,450,450,450,39594.49,16271,2018-08-08 9:53:45,2018-08-31 9:53:45,6698928100,jcb
1,451,451,451,451,63163.84,7769,2007-12-30 19:57:22,2008-01-04 19:57:22,6195876267,diners-club-enroute
2,452,452,452,452,79878.49,7672,2005-10-16 16:03:30,2005-10-18 16:03:30,1240274238,mastercard
2,453,453,453,453,43413.66,8217,2010-09-04 5:57:09,2010-09-11 5:57:09,479801940,visa-electron
1,454,454,454,454,38623.52,17617,2012-10-04 7:37:58,2012-10-08 7:37:58,2271930480,jcb
2,455,455,455,455,29794.2,6870,2006-08-03 6:19:29,2006-08-28 6:19:29,9755557504,jcb
1,456,456,456,456,36565.13,13098,2019-02-20 16:23:37,2019-03-20 16:23:37,496123505,mastercard
2,457,457,457,457,58619.95,15270,2011-02-11 22:38:07,2011-03-07 22:38:07,8590197271,jcb
2,458,458,458,458,43122.16,17237,2005-11-14 20:27:04,2005-11-15 20:27:04,3310218473,jcb
1,459,459,459,459,79876.88,6683,2010-12-25 23:51:53,2011-01-19 23:51:53,6965059710,maestro
2,460,460,460,460,48015.36,8732,2015-04-05 1:48:39,2015-04-10 1:48:39,6512769465,diners-club-carte-blanche
2,461,461,461,461,22205.3,3705,2015-06-21 4:07:41,2015-06-22 4:07:41,7196052218,jcb
1,462,462,462,462,63579.55,14543,2008-10-02 11:24:59,2008-10-03 11:24:59,3777480797,jcb
2,463,463,463,463,22242.66,12481,2014-11-23 21:00:57,2014-12-01 21:00:57,7937804289,jcb
2,464,464,464,464,55190.08,11600,2017-10-26 7:36:51,2017-11-01 7:36:51,4471768425,china-unionpay
1,465,465,465,465,97055.66,15890,2010-12-20 2:38:07,2010-12-26 2:38:07,3737941661,diners-club-enroute
2,466,466,466,466,91599.83,6659,2019-02-11 2:18:08,2019-03-09 2:18:08,2051600554,visa
1,467,467,467,467,54906.19,954,2016-05-03 14:45:25,2016-05-05 14:45:25,8627696268,laser
1,468,468,468,468,82987.49,4238,2013-12-30 16:51:06,2014-01-20 16:51:06,1477432434,maestro
2,469,469,469,469,24181.25,16284,2010-05-22 4:07:18,2010-06-15 4:07:18,2666571289,diners-club-carte-blanche
1,470,470,470,470,98717.11,15534,2018-06-09 18:02:22,2018-06-10 18:02:22,796553254,jcb
2,471,471,471,471,48364.42,2526,2018-07-04 4:59:16,2018-07-11 4:59:16,4618669047,mastercard
1,472,472,472,472,98682.5,16108,2014-07-21 3:29:15,2014-08-07 3:29:15,9184093897,americanexpress
2,473,473,473,473,82505.65,2499,2017-08-22 8:20:18,2017-09-11 8:20:18,4134758939,diners-club-carte-blanche
1,474,474,474,474,60556.29,7578,2012-08-18 6:20:35,2012-08-22 6:20:35,6746742725,americanexpress
2,475,475,475,475,81395.82,7990,2013-08-01 4:35:29,2013-08-19 4:35:29,2609093071,jcb
1,476,476,476,476,19124.11,9693,2009-10-01 18:09:41,2009-10-10 18:09:41,2350804666,americanexpress
2,477,477,477,477,48926.21,7174,2014-02-04 19:53:42,2014-02-07 19:53:42,1552751759,jcb
1,478,478,478,478,63407.51,13732,2005-09-27 12:10:39,2005-10-06 12:10:39,1286826225,diners-club-carte-blanche
1,479,479,479,479,38708.64,1460,2017-10-29 14:02:38,2017-11-18 14:02:38,671376527,jcb
1,480,480,480,480,29883.87,1629,2010-11-30 8:56:27,2010-12-11 8:56:27,2386205282,china-unionpay
2,481,481,481,481,94807.1,10613,2018-12-18 6:40:24,2019-01-15 6:40:24,1751429954,maestro
2,482,482,482,482,18571.24,6977,2011-11-08 19:09:40,2011-12-07 19:09:40,8404859345,laser
2,483,483,483,483,92749.29,10420,2007-12-28 9:10:37,2008-01-07 9:10:37,1106433688,laser
1,484,484,484,484,86821.42,4229,2020-04-20 13:51:08,2020-05-06 13:51:08,3839407656,visa-electron
2,485,485,485,485,54821.29,3597,2005-11-05 13:49:52,2005-11-13 13:49:52,5695008816,mastercard
2,486,486,486,486,26695.55,16998,2010-06-17 1:30:30,2010-06-27 1:30:30,4062441853,diners-club-carte-blanche
2,487,487,487,487,28968.97,9891,2006-10-05 2:49:09,2006-10-15 2:49:09,1640445080,diners-club-international
2,488,488,488,488,47655.64,9077,2009-09-23 7:27:30,2009-09-28 7:27:30,4121922344,switch
1,489,489,489,489,52103,17554,2011-08-15 7:41:17,2011-09-13 7:41:17,2524369404,switch
2,490,490,490,490,43079.54,14135,2016-05-03 0:26:23,2016-05-14 0:26:23,4900365602,mastercard
2,491,491,491,491,32493.64,4868,2017-06-12 15:20:59,2017-07-02 15:20:59,2281264769,maestro
2,492,492,492,492,63102.51,3783,2014-05-03 7:05:55,2014-05-18 7:05:55,3944817966,mastercard
2,493,493,493,493,48938.3,13556,2012-12-18 19:30:52,2013-01-05 19:30:52,7961019235,visa-electron
1,494,494,494,494,52782.46,11436,2005-05-22 8:52:50,2005-06-05 8:52:50,5201906796,jcb
1,495,495,495,495,43947.3,12510,2019-06-16 23:08:19,2019-06-28 23:08:19,6276184861,mastercard
2,496,496,496,496,30239.15,10468,2005-09-09 16:05:10,2005-09-26 16:05:10,2589286279,jcb
2,497,497,497,497,49842.51,5854,2013-10-02 2:54:52,2013-10-10 2:54:52,5546559934,jcb
1,498,498,498,498,54542.52,2791,2005-09-25 0:06:33,2005-09-30 0:06:33,2278099701,switch
2,499,499,499,499,87616.2,16862,2017-10-28 17:56:33,2017-11-09 17:56:33,5996757877,mastercard
1,500,500,500,500,98282.38,9564,2019-07-22 19:28:01,2019-07-26 19:28:01,6591200444,diners-club-carte-blanche
2,501,501,501,501,22805.57,3286,2007-09-04 20:07:40,2007-09-15 20:07:40,7827913806,china-unionpay
2,502,502,502,502,94551.33,15852,2016-04-11 11:18:04,2016-05-03 11:18:04,2014477701,diners-club-carte-blanche
2,503,503,503,503,42035.73,6301,2012-06-25 12:05:42,2012-07-21 12:05:42,5785224224,switch
1,504,504,504,504,77189.37,15617,2007-11-02 14:32:13,2007-11-24 14:32:13,6876247627,visa
1,505,505,505,505,71844.22,13004,2011-07-26 7:00:34,2011-08-07 7:00:34,2692481445,maestro
1,506,506,506,506,90184.09,3110,2015-10-03 12:10:21,2015-10-21 12:10:21,7819698985,jcb
1,507,507,507,507,36491.95,10754,2008-12-28 19:31:29,2009-01-18 19:31:29,7460940410,jcb
1,508,508,508,508,53072.95,8823,2018-09-09 13:22:56,2018-10-04 13:22:56,4128415278,instapayment
1,509,509,509,509,91863.63,8735,2014-11-20 8:14:50,2014-12-16 8:14:50,5193689094,jcb
2,510,510,510,510,41043.98,13019,2013-03-10 8:49:54,2013-03-18 8:49:54,3376736774,jcb
2,511,511,511,511,65798.12,5393,2012-08-25 6:34:08,2012-09-11 6:34:08,8086009610,diners-club-enroute
2,512,512,512,512,27121.52,1796,2009-10-11 8:50:27,2009-11-04 8:50:27,5771240044,jcb
2,513,513,513,513,65454.25,11550,2008-11-13 21:15:54,2008-12-08 21:15:54,1969869321,americanexpress
2,514,514,514,514,31997.29,4636,2013-12-11 2:15:08,2014-01-06 2:15:08,4316504703,laser
1,515,515,515,515,18152.71,14310,2017-02-21 1:26:08,2017-02-25 1:26:08,7804322682,americanexpress
1,516,516,516,516,61543.8,922,2017-09-10 22:51:11,2017-09-11 22:51:11,6172836331,switch
2,517,517,517,517,81551.36,10762,2009-04-23 20:55:29,2009-04-27 20:55:29,7907730449,maestro
2,518,518,518,518,66499.46,4608,2014-08-12 4:11:07,2014-09-04 4:11:07,2491679612,switch
2,519,519,519,519,60371.86,2259,2006-06-14 5:16:00,2006-06-19 5:16:00,3940028029,maestro
2,520,520,520,520,90827.58,10975,2014-12-04 16:48:04,2014-12-10 16:48:04,1854887416,americanexpress
2,521,521,521,521,46770.01,2604,2016-04-18 10:04:30,2016-05-17 10:04:30,1516577566,jcb
1,522,522,522,522,18150.11,17935,2008-02-26 8:20:13,2008-03-11 8:20:13,1920479317,visa-electron
1,523,523,523,523,80553.69,5803,2017-07-11 21:58:46,2017-08-08 21:58:46,760730253,jcb
2,524,524,524,524,48739.17,17378,2006-10-28 3:59:30,2006-11-03 3:59:30,6589890293,diners-club-carte-blanche
1,525,525,525,525,85469.58,1024,2011-03-11 7:47:19,2011-03-14 7:47:19,1006131485,jcb
2,526,526,526,526,37054.09,9740,2019-06-04 0:21:07,2019-06-10 0:21:07,2341552080,china-unionpay
1,527,527,527,527,31822.95,4252,2018-10-30 7:38:13,2018-11-11 7:38:13,6544986615,visa-electron
2,528,528,528,528,54471.49,8509,2014-06-28 3:30:26,2014-07-01 3:30:26,6539002300,maestro
2,529,529,529,529,60563.19,1306,2014-09-14 10:22:33,2014-09-17 10:22:33,8337957298,diners-club-carte-blanche
2,530,530,530,530,55881.85,8053,2008-06-03 21:27:23,2008-06-26 21:27:23,4544771579,visa-electron
1,531,531,531,531,34845.01,12880,2011-10-17 3:04:46,2011-10-29 3:04:46,497240785,diners-club-international
1,532,532,532,532,26907.52,8827,2017-01-21 11:47:56,2017-01-28 11:47:56,7199199503,jcb
1,533,533,533,533,51836.35,6630,2013-06-27 18:02:58,2013-07-02 18:02:58,2261666144,bankcard
2,534,534,534,534,58371.2,13998,2014-10-13 18:58:10,2014-11-06 18:58:10,677234465,jcb
1,535,535,535,535,44483.27,2778,2018-07-02 2:59:49,2018-07-30 2:59:49,2348844893,visa-electron
1,536,536,536,536,61680.28,1951,2009-11-03 4:39:48,2009-12-01 4:39:48,4916171837,laser
1,537,537,537,537,38732.67,1672,2010-08-01 7:40:55,2010-08-26 7:40:55,8531014077,jcb
2,538,538,538,538,94829.69,7309,2017-03-06 13:25:14,2017-04-04 13:25:14,1827214384,bankcard
2,539,539,539,539,83975.04,4239,2013-08-15 21:09:13,2013-09-08 21:09:13,1927763061,diners-club-international
2,540,540,540,540,49723.56,14888,2020-06-04 21:56:13,2020-06-09 21:56:13,6930997722,americanexpress
1,541,541,541,541,37262.12,753,2008-02-18 19:20:48,2008-02-27 19:20:48,5273318866,jcb
2,542,542,542,542,64241.86,3466,2011-03-01 9:09:08,2011-03-22 9:09:08,968725473,americanexpress
2,543,543,543,543,61550.94,9700,2009-02-12 6:42:04,2009-02-25 6:42:04,5917690618,mastercard
2,544,544,544,544,40489.81,1893,2006-02-11 13:37:42,2006-02-16 13:37:42,7702665033,diners-club-us-ca
2,545,545,545,545,56236.07,4659,2020-04-23 21:36:05,2020-05-04 21:36:05,1495837289,visa-electron
2,546,546,546,546,62598.94,12640,2015-04-19 21:52:44,2015-04-22 21:52:44,688629067,jcb
1,547,547,547,547,19169.69,1142,2014-06-03 14:50:31,2014-06-17 14:50:31,5380418538,laser
1,548,548,548,548,59404.25,539,2006-10-05 5:34:03,2006-10-06 5:34:03,8542051831,visa-electron
2,549,549,549,549,28029.98,15548,2015-08-10 7:35:04,2015-08-17 7:35:04,683736450,americanexpress
2,550,550,550,550,63376.98,6267,2011-03-13 7:00:15,2011-04-04 7:00:15,4196389988,jcb
2,551,551,551,551,36653.38,4772,2016-05-28 3:31:47,2016-06-02 3:31:47,6212341907,mastercard
1,552,552,552,552,30646.91,3578,2018-07-07 4:03:05,2018-07-28 4:03:05,350856834,jcb
2,553,553,553,553,99394.81,2233,2018-06-02 14:03:00,2018-06-14 14:03:00,1151156515,china-unionpay
1,554,554,554,554,37248.32,7422,2008-02-14 16:43:53,2008-02-24 16:43:53,2336066505,bankcard
1,555,555,555,555,39619.99,5594,2016-12-30 16:19:43,2017-01-16 16:19:43,1560195959,switch
2,556,556,556,556,95239.31,8892,2008-05-20 6:55:28,2008-05-27 6:55:28,7041293238,visa
1,557,557,557,557,68958.1,1923,2006-10-12 21:10:27,2006-10-19 21:10:27,8972377368,diners-club-carte-blanche
1,558,558,558,558,71443.11,12647,2007-06-19 6:38:57,2007-07-17 6:38:57,1890756024,americanexpress
2,559,559,559,559,22322.87,7891,2014-08-08 4:50:31,2014-09-03 4:50:31,1914198921,jcb
1,560,560,560,560,46772.39,10084,2011-11-03 16:22:02,2011-11-04 16:22:02,192058886,maestro
1,561,561,561,561,58811.23,10487,2008-10-27 14:03:18,2008-11-04 14:03:18,9009355373,jcb
2,562,562,562,562,86854.53,3126,2019-11-02 15:23:01,2019-11-19 15:23:01,4374547452,mastercard
2,563,563,563,563,73168.3,1386,2019-01-07 11:56:44,2019-01-14 11:56:44,2964658056,diners-club-enroute
2,564,564,564,564,56482.8,3541,2011-03-28 17:51:44,2011-03-29 17:51:44,4987250241,mastercard
2,565,565,565,565,18674.05,17052,2007-03-07 16:38:41,2007-03-31 16:38:41,2188869257,jcb
2,566,566,566,566,30166.68,13309,2014-12-19 12:22:46,2015-01-10 12:22:46,2797019423,diners-club-carte-blanche
1,567,567,567,567,34840.12,8913,2017-06-27 10:21:30,2017-07-20 10:21:30,4874618235,jcb
1,568,568,568,568,35921.09,7580,2011-09-18 0:16:22,2011-10-16 0:16:22,2326864344,jcb
1,569,569,569,569,44071.2,15443,2005-10-14 17:32:18,2005-10-22 17:32:18,9175575213,jcb
2,570,570,570,570,85986.14,13183,2017-10-29 11:59:14,2017-11-09 11:59:14,209990953,jcb
2,571,571,571,571,85704.58,8116,2015-03-05 2:52:44,2015-03-21 2:52:44,9955805447,maestro
1,572,572,572,572,64247.68,16911,2012-10-08 12:33:25,2012-10-24 12:33:25,2517268568,americanexpress
1,573,573,573,573,51115.22,2764,2018-01-24 7:06:13,2018-02-16 7:06:13,5748135965,jcb
2,574,574,574,574,53667.09,5982,2008-09-22 2:09:52,2008-10-09 2:09:52,219461392,maestro
2,575,575,575,575,21721.36,13332,2008-05-16 1:15:55,2008-05-31 1:15:55,7425902974,jcb
2,576,576,576,576,48162.82,3887,2013-01-24 13:39:05,2013-01-28 13:39:05,8914742261,jcb
1,577,577,577,577,81755.76,2581,2018-11-15 20:51:45,2018-12-13 20:51:45,8530579828,jcb
1,578,578,578,578,45351.87,5726,2019-12-14 11:37:27,2019-12-26 11:37:27,8363885983,visa-electron
1,579,579,579,579,23936.6,16087,2015-02-06 1:29:03,2015-02-27 1:29:03,7242295955,maestro
2,580,580,580,580,65704.64,14023,2014-02-10 5:04:49,2014-02-28 5:04:49,7697628880,jcb
1,581,581,581,581,32590.12,8185,2013-10-18 16:12:22,2013-10-30 16:12:22,7090840840,maestro
2,582,582,582,582,89274.37,12252,2009-06-02 1:42:36,2009-06-13 1:42:36,2912354188,visa-electron
1,583,583,583,583,93494.97,3085,2016-11-18 2:12:09,2016-11-25 2:12:09,9531084394,jcb
1,584,584,584,584,88695.92,12971,2007-02-13 20:24:43,2007-02-28 20:24:43,4174386013,jcb
2,585,585,585,585,59263.45,11953,2011-04-17 13:31:20,2011-04-27 13:31:20,445849401,jcb
2,586,586,586,586,40172.44,3588,2010-04-15 16:47:53,2010-05-10 16:47:53,1000314898,jcb
2,587,587,587,587,68439.33,6670,2016-11-10 19:23:33,2016-11-28 19:23:33,9225523599,jcb
1,588,588,588,588,39184.19,16528,2008-06-29 4:32:36,2008-07-06 4:32:36,2477459449,jcb
1,589,589,589,589,97873.75,11953,2015-01-17 8:10:19,2015-01-26 8:10:19,2095033663,jcb
1,590,590,590,590,43293.8,6942,2007-01-12 11:08:39,2007-02-06 11:08:39,2473230935,china-unionpay
2,591,591,591,591,42421.52,11915,2017-06-18 4:00:36,2017-07-16 4:00:36,9166253020,bankcard
2,592,592,592,592,70829.23,2420,2005-11-06 13:51:48,2005-11-25 13:51:48,6862778641,visa-electron
2,593,593,593,593,43242.87,6946,2006-11-30 20:33:47,2006-12-19 20:33:47,8694294664,diners-club-enroute
1,594,594,594,594,38479.94,15043,2006-06-11 11:59:20,2006-07-11 11:59:20,8288856349,jcb
2,595,595,595,595,56177.01,3225,2018-11-23 21:55:50,2018-11-25 21:55:50,4450234545,diners-club-enroute
1,596,596,596,596,75995.64,16469,2007-02-26 8:47:01,2007-03-25 8:47:01,8980775997,jcb
2,597,597,597,597,62094.93,10036,2018-02-15 20:48:10,2018-03-17 20:48:10,2010078705,maestro
2,598,598,598,598,66656.48,16268,2014-11-27 14:23:04,2014-12-01 14:23:04,713992425,mastercard
2,599,599,599,599,91178.73,1648,2006-06-08 8:09:18,2006-06-30 8:09:18,3298075116,diners-club-international
1,600,600,600,600,30991.2,804,2020-04-22 18:09:47,2020-04-25 18:09:47,3879182027,maestro
1,601,601,601,601,93608.64,1492,2015-09-06 20:57:33,2015-09-18 20:57:33,4227155428,visa-electron
1,602,602,602,602,50203.1,13392,2020-01-14 14:38:33,2020-01-16 14:38:33,4098848538,jcb
1,603,603,603,603,80415.71,6882,2017-03-18 4:44:50,2017-03-25 4:44:50,9201996616,diners-club-enroute
2,604,604,604,604,57094.37,11284,2020-06-20 12:06:41,2020-07-16 12:06:41,4659274101,diners-club-carte-blanche
2,605,605,605,605,93595.34,9924,2020-03-06 1:32:31,2020-03-11 1:32:31,7342571091,diners-club-enroute
2,606,606,606,606,95112.96,7946,2020-07-23 11:14:57,2020-08-12 11:14:57,9876678396,switch
1,607,607,607,607,19509.02,2397,2010-04-03 10:52:43,2010-04-07 10:52:43,4253561187,visa-electron
1,608,608,608,608,19457.55,9705,2007-10-09 21:15:00,2007-10-18 21:15:00,150880677,diners-club-enroute
2,609,609,609,609,60356.18,5073,2018-03-25 14:55:30,2018-03-31 14:55:30,1401248497,jcb
2,610,610,610,610,29808.23,15811,2007-04-17 2:21:24,2007-05-14 2:21:24,8341633361,jcb
2,611,611,611,611,73209.5,3070,2019-08-07 5:50:24,2019-08-15 5:50:24,6540677804,instapayment
1,612,612,612,612,37655.83,10329,2010-08-20 7:52:59,2010-09-01 7:52:59,6091568736,laser
1,613,613,613,613,40145.27,2571,2010-08-15 17:55:19,2010-09-08 17:55:19,2237470693,switch
1,614,614,614,614,43505.71,11638,2018-03-05 8:45:13,2018-04-04 8:45:13,6840885771,jcb
2,615,615,615,615,96375.14,12493,2008-08-07 0:58:40,2008-08-30 0:58:40,6968804948,mastercard
2,616,616,616,616,82308.86,6262,2008-08-28 0:32:09,2008-09-19 0:32:09,1145954839,jcb
1,617,617,617,617,19008.86,11671,2010-11-21 8:31:34,2010-12-15 8:31:34,7827208843,jcb
1,618,618,618,618,50450.7,9371,2009-02-26 17:44:39,2009-03-28 17:44:39,9664720623,jcb
2,619,619,619,619,59199.99,6926,2006-08-18 22:19:36,2006-09-10 22:19:36,2641167778,diners-club-carte-blanche
1,620,620,620,620,72554.36,2946,2006-01-27 16:28:56,2006-02-18 16:28:56,3819210520,jcb
1,621,621,621,621,25045.7,3455,2015-07-19 11:03:05,2015-07-20 11:03:05,2503728642,americanexpress
2,622,622,622,622,31170.09,2037,2008-04-25 6:00:03,2008-05-06 6:00:03,4162500258,jcb
2,623,623,623,623,91226.21,17974,2013-05-10 22:37:30,2013-05-28 22:37:30,9558672513,laser
1,624,624,624,624,91594.14,16580,2014-08-16 23:28:52,2014-09-10 23:28:52,9496547591,jcb
2,625,625,625,625,75706.68,2656,2018-05-19 9:02:54,2018-05-21 9:02:54,7048011033,jcb
2,626,626,626,626,38559.19,10639,2013-02-10 3:58:20,2013-02-15 3:58:20,1156051215,switch
1,627,627,627,627,22072.77,1244,2005-08-23 0:33:39,2005-09-18 0:33:39,7312389023,mastercard
1,628,628,628,628,29581.88,1373,2015-10-12 5:49:04,2015-11-02 5:49:04,5570628673,maestro
2,629,629,629,629,36022.66,1244,2005-07-02 1:54:17,2005-07-06 1:54:17,1464223106,americanexpress
1,630,630,630,630,98662.69,8805,2006-12-27 21:39:31,2007-01-22 21:39:31,6312341038,instapayment
2,631,631,631,631,50123.24,6796,2017-08-27 4:41:34,2017-09-12 4:41:34,6380650253,visa-electron
2,632,632,632,632,20413.39,9613,2012-04-24 21:54:09,2012-05-24 21:54:09,3242671481,china-unionpay
1,633,633,633,633,29932.66,15357,2015-05-15 23:11:28,2015-05-16 23:11:28,7214019175,diners-club-us-ca
2,634,634,634,634,97194.49,5020,2019-11-06 9:30:50,2019-11-20 9:30:50,3878858159,mastercard
1,635,635,635,635,82392.3,633,2015-08-04 5:16:26,2015-08-26 5:16:26,3662747596,jcb
2,636,636,636,636,82016.19,12417,2011-07-19 17:44:03,2011-07-27 17:44:03,8291226180,laser
1,637,637,637,637,85715.13,7113,2007-08-19 3:05:36,2007-09-12 3:05:36,2769316648,instapayment
1,638,638,638,638,99877.25,7944,2009-10-13 17:42:49,2009-10-30 17:42:49,252764846,mastercard
1,639,639,639,639,74668.02,5271,2018-05-25 10:19:07,2018-05-30 10:19:07,7723338600,jcb
1,640,640,640,640,57817.65,16736,2005-08-08 13:11:20,2005-09-07 13:11:20,8075422937,jcb
2,641,641,641,641,65968.75,3578,2010-05-09 18:58:22,2010-06-06 18:58:22,7299960656,jcb
2,642,642,642,642,63487.2,4225,2008-04-19 0:44:26,2008-05-09 0:44:26,6652507226,jcb
2,643,643,643,643,20411.84,4378,2018-07-30 11:10:51,2018-08-28 11:10:51,3651955230,mastercard
2,644,644,644,644,61084.87,11252,2012-07-09 12:31:54,2012-08-01 12:31:54,4767559804,jcb
2,645,645,645,645,33501.31,6005,2018-10-30 21:01:02,2018-11-09 21:01:02,185059244,mastercard
1,646,646,646,646,61201.8,17393,2005-07-14 19:25:53,2005-08-01 19:25:53,3121556185,maestro
2,647,647,647,647,49916.89,778,2006-04-18 13:44:21,2006-04-30 13:44:21,3519039664,diners-club-carte-blanche
2,648,648,648,648,86727.61,11129,2014-08-29 7:29:14,2014-09-04 7:29:14,5784350676,visa-electron
1,649,649,649,649,40438.31,15502,2016-02-16 9:53:22,2016-03-10 9:53:22,3492431941,jcb
2,650,650,650,650,84285.83,9689,2019-03-13 13:21:41,2019-04-08 13:21:41,2474583866,diners-club-international
2,651,651,651,651,69218.36,5107,2012-10-16 19:35:38,2012-10-17 19:35:38,9907895709,jcb
2,652,652,652,652,61756.96,17976,2018-12-21 16:07:00,2018-12-30 16:07:00,7081152503,americanexpress
1,653,653,653,653,22807.08,15280,2006-08-01 9:47:53,2006-08-05 9:47:53,2133252746,china-unionpay
1,654,654,654,654,79358.87,14845,2019-07-23 2:33:08,2019-08-02 2:33:08,1148905863,visa
1,655,655,655,655,76906.99,4169,2018-10-27 11:39:07,2018-11-02 11:39:07,4454968616,visa-electron
2,656,656,656,656,79730.71,11194,2013-10-11 0:23:35,2013-11-10 0:23:35,6644927238,maestro
1,657,657,657,657,85862.54,6395,2014-06-14 5:26:55,2014-06-22 5:26:55,4689026580,bankcard
1,658,658,658,658,33103.18,15576,2008-07-22 16:34:21,2008-08-17 16:34:21,8033978767,jcb
1,659,659,659,659,58958.81,14775,2017-01-16 14:43:43,2017-01-24 14:43:43,9842961702,jcb
2,660,660,660,660,25393.76,7111,2009-04-18 15:58:49,2009-04-24 15:58:49,4367960188,jcb
2,661,661,661,661,83455.18,1430,2012-06-01 20:50:42,2012-06-27 20:50:42,4721785674,solo
1,662,662,662,662,75427.58,12329,2019-07-31 3:37:40,2019-08-17 3:37:40,4132446689,maestro
1,663,663,663,663,97039.31,6813,2012-09-22 16:26:24,2012-10-15 16:26:24,5606165120,jcb
1,664,664,664,664,90637.71,10208,2008-04-05 0:57:04,2008-04-27 0:57:04,9659729596,diners-club-carte-blanche
2,665,665,665,665,89459.06,6011,2010-09-17 21:19:31,2010-10-08 21:19:31,6539191960,diners-club-enroute
2,666,666,666,666,77710.9,7247,2007-06-17 3:21:49,2007-07-05 3:21:49,225277433,visa-electron
1,667,667,667,667,30194.7,4102,2018-07-13 15:56:49,2018-08-12 15:56:49,9059554310,americanexpress
1,668,668,668,668,23072.95,11257,2008-08-04 7:01:42,2008-08-19 7:01:42,3637788330,switch
1,669,669,669,669,69740.81,6347,2014-02-18 17:31:46,2014-03-17 17:31:46,5993497092,jcb
1,670,670,670,670,23443.67,13204,2008-07-10 13:57:57,2008-07-14 13:57:57,6411483825,jcb
1,671,671,671,671,90034.95,9617,2005-08-20 14:56:48,2005-09-10 14:56:48,8230506485,jcb
2,672,672,672,672,55189.16,14637,2011-04-05 18:20:07,2011-04-09 18:20:07,4731069386,jcb
2,673,673,673,673,86159.29,654,2010-10-03 16:52:58,2010-10-11 16:52:58,3362096786,bankcard
1,674,674,674,674,85832.27,3293,2005-05-12 3:57:57,2005-06-01 3:57:57,6768733222,bankcard
2,675,675,675,675,92657.2,7522,2015-08-26 9:42:08,2015-09-08 9:42:08,3007248639,switch
1,676,676,676,676,82128.83,825,2014-03-17 0:43:01,2014-04-03 0:43:01,1596205520,jcb
1,677,677,677,677,23895.52,17893,2018-05-15 5:44:45,2018-05-29 5:44:45,3273416327,jcb
1,678,678,678,678,48382.77,6351,2006-09-22 1:29:14,2006-09-23 1:29:14,4144008819,jcb
1,679,679,679,679,55863.46,9939,2020-01-27 14:22:30,2020-02-13 14:22:30,5621567498,jcb
1,680,680,680,680,78901.78,15179,2019-07-18 4:34:16,2019-08-03 4:34:16,6114744489,maestro
1,681,681,681,681,89877.52,10300,2020-04-12 19:10:02,2020-04-18 19:10:02,7182333996,visa-electron
1,682,682,682,682,20769.95,1138,2014-01-27 20:16:59,2014-02-11 20:16:59,50724339,mastercard
2,683,683,683,683,72412.88,9729,2008-11-06 1:47:29,2008-11-25 1:47:29,4456033576,maestro
2,684,684,684,684,59910.53,7961,2012-09-26 18:26:11,2012-10-08 18:26:11,6575554849,bankcard
1,685,685,685,685,27197.97,4185,2010-03-01 9:30:11,2010-03-11 9:30:11,3261324775,laser
1,686,686,686,686,29918.53,16949,2006-07-21 4:21:48,2006-08-13 4:21:48,8333764002,bankcard
2,687,687,687,687,68697.31,8006,2006-04-15 9:13:46,2006-04-19 9:13:46,2213103798,americanexpress
1,688,688,688,688,82909,6774,2016-03-04 0:45:30,2016-03-15 0:45:30,7964888358,mastercard
2,689,689,689,689,42674.87,13082,2006-05-05 15:48:37,2006-05-22 15:48:37,8375590118,china-unionpay
1,690,690,690,690,22867.76,8218,2017-03-04 0:15:47,2017-03-22 0:15:47,4491037108,jcb
2,691,691,691,691,83864.82,15228,2006-06-04 11:46:59,2006-06-17 11:46:59,4927790673,jcb
2,692,692,692,692,62207.83,1345,2007-01-08 20:07:00,2007-01-20 20:07:00,9598183920,bankcard
1,693,693,693,693,20799.75,519,2017-05-30 4:21:30,2017-06-06 4:21:30,7332953390,americanexpress
2,694,694,694,694,45454.73,15089,2020-01-09 15:50:08,2020-01-30 15:50:08,3179217669,jcb
1,695,695,695,695,91123.52,7882,2015-08-15 8:13:47,2015-08-17 8:13:47,1415721033,visa-electron
1,696,696,696,696,43074.25,13680,2009-11-24 10:31:48,2009-12-04 10:31:48,5656684164,maestro
2,697,697,697,697,25444.2,5985,2010-05-14 6:51:48,2010-05-24 6:51:48,7300497233,maestro
2,698,698,698,698,63501.88,13844,2017-08-20 23:48:44,2017-09-08 23:48:44,5358038191,mastercard
1,699,699,699,699,49214.01,8070,2007-08-07 5:03:58,2007-08-20 5:03:58,9434990963,diners-club-carte-blanche
2,700,700,700,700,76086.9,5649,2008-09-01 3:28:10,2008-09-12 3:28:10,2570009393,jcb
1,701,701,701,701,91619.48,14339,2011-06-19 21:59:31,2011-07-16 21:59:31,7761347980,maestro
2,702,702,702,702,57975.63,6640,2014-06-02 2:55:08,2014-06-10 2:55:08,2660118531,diners-club-carte-blanche
1,703,703,703,703,23494.35,7843,2013-01-15 23:30:25,2013-01-28 23:30:25,7002153366,jcb
1,704,704,704,704,60643.81,1275,2015-07-17 21:04:12,2015-07-19 21:04:12,5828932691,mastercard
1,705,705,705,705,99903.86,1104,2008-09-16 17:49:52,2008-09-20 17:49:52,1534187499,solo
2,706,706,706,706,49613.58,2305,2005-05-31 0:13:13,2005-06-05 0:13:13,7436635654,solo
2,707,707,707,707,40425.78,12349,2015-05-14 18:51:56,2015-06-09 18:51:56,8869500055,visa-electron
1,708,708,708,708,47725.68,13499,2008-04-08 3:24:27,2008-04-25 3:24:27,4571187882,americanexpress
2,709,709,709,709,44387.79,6616,2015-09-15 14:44:42,2015-09-24 14:44:42,7998815485,jcb
2,710,710,710,710,27822.16,9306,2012-05-31 19:08:39,2012-06-19 19:08:39,1657326098,maestro
2,711,711,711,711,45572.09,13199,2019-10-22 5:07:03,2019-11-01 5:07:03,6647247653,instapayment
1,712,712,712,712,19789.75,10243,2007-08-01 10:33:23,2007-08-06 10:33:23,7090233081,americanexpress
1,713,713,713,713,87294.1,14707,2011-11-27 10:02:15,2011-12-11 10:02:15,7582942205,jcb
1,714,714,714,714,44191.94,13734,2009-03-29 22:07:02,2009-04-07 22:07:02,6631839351,maestro
2,715,715,715,715,18130.96,13408,2010-07-19 5:46:05,2010-07-28 5:46:05,7753359347,diners-club-carte-blanche
1,716,716,716,716,69661.5,10015,2014-11-17 2:24:24,2014-12-05 2:24:24,265827612,jcb
2,717,717,717,717,66113.79,3522,2007-10-14 4:58:09,2007-11-03 4:58:09,5212963052,jcb
2,718,718,718,718,36639.35,16271,2008-07-28 18:53:08,2008-08-01 18:53:08,6290254022,jcb
2,719,719,719,719,72514.17,16856,2005-08-25 3:11:55,2005-09-04 3:11:55,151203741,visa-electron
1,720,720,720,720,94039.88,4288,2019-01-04 0:06:05,2019-01-21 0:06:05,3330794453,mastercard
1,721,721,721,721,93769.12,12976,2008-10-20 23:00:23,2008-10-31 23:00:23,978001095,jcb
2,722,722,722,722,86308.63,15099,2013-04-14 17:34:06,2013-04-18 17:34:06,8514496441,jcb
1,723,723,723,723,50338.87,6766,2009-05-28 13:55:18,2009-06-16 13:55:18,5176820587,jcb
2,724,724,724,724,82213.98,3701,2005-10-25 16:32:41,2005-10-28 16:32:41,8232023791,bankcard
1,725,725,725,725,22289.93,6719,2017-04-06 5:02:40,2017-04-30 5:02:40,5968083344,jcb
2,726,726,726,726,76796.38,7264,2011-01-03 6:21:45,2011-01-07 6:21:45,943407222,americanexpress
1,727,727,727,727,95508.08,515,2017-04-19 23:35:57,2017-05-15 23:35:57,9749874668,jcb
2,728,728,728,728,19704.63,2671,2016-09-06 15:09:09,2016-09-07 15:09:09,923544089,bankcard
1,729,729,729,729,88611.45,5131,2012-09-16 6:37:39,2012-10-09 6:37:39,994143524,jcb
2,730,730,730,730,71942.13,14733,2016-11-28 11:15:21,2016-12-02 11:15:21,1590507320,jcb
1,731,731,731,731,74869.12,8497,2017-03-23 12:12:46,2017-04-17 12:12:46,8840186387,maestro
2,732,732,732,732,94493.46,15438,2016-01-11 1:30:13,2016-02-07 1:30:13,250889927,bankcard
1,733,733,733,733,88686.18,15260,2019-12-17 1:16:05,2020-01-11 1:16:05,2503703488,diners-club-carte-blanche
1,734,734,734,734,30030.83,3986,2006-08-06 5:11:50,2006-08-22 5:11:50,8192982467,jcb
2,735,735,735,735,64928.02,4248,2018-09-02 20:53:53,2018-09-26 20:53:53,9890598736,jcb
2,736,736,736,736,19839,1922,2020-05-11 16:38:34,2020-06-03 16:38:34,1985911914,jcb
2,737,737,737,737,92036.81,10712,2017-08-04 19:00:16,2017-08-07 19:00:16,5429986224,switch
1,738,738,738,738,32763.84,5376,2010-01-03 6:12:38,2010-01-07 6:12:38,5894882265,americanexpress
1,739,739,739,739,98853.8,17580,2011-12-31 8:29:54,2012-01-01 8:29:54,7802509211,switch
2,740,740,740,740,89094.58,17284,2018-10-29 17:54:21,2018-11-16 17:54:21,5425724624,jcb
1,741,741,741,741,42616.36,8553,2010-01-16 20:43:51,2010-01-20 20:43:51,924700416,visa-electron
2,742,742,742,742,70106.81,5367,2007-11-20 6:23:30,2007-12-10 6:23:30,8707596022,mastercard
2,743,743,743,743,68771.12,7221,2011-05-20 16:13:41,2011-06-07 16:13:41,3863545818,mastercard
1,744,744,744,744,59029.39,12480,2016-03-04 3:52:50,2016-03-10 3:52:50,9887796379,americanexpress
2,745,745,745,745,37489.21,3090,2012-09-19 3:23:56,2012-10-06 3:23:56,6942583650,maestro
2,746,746,746,746,31462.38,6422,2005-11-22 12:54:10,2005-12-02 12:54:10,7062258806,jcb
1,747,747,747,747,41942.66,7071,2007-11-05 11:26:11,2007-12-05 11:26:11,1552545555,visa-electron
1,748,748,748,748,61552.38,6086,2009-07-07 19:03:17,2009-07-11 19:03:17,9583935964,china-unionpay
1,749,749,749,749,56929.57,6636,2012-11-05 20:19:22,2012-11-15 20:19:22,5217879610,jcb
1,750,750,750,750,34538.97,3431,2007-05-20 0:53:45,2007-06-02 0:53:45,8633488515,switch
1,751,751,751,751,34310.57,7962,2012-02-18 2:09:17,2012-03-04 2:09:17,9462162743,jcb
1,752,752,752,752,19762.4,15970,2016-04-12 18:32:10,2016-05-09 18:32:10,8740774813,maestro
1,753,753,753,753,54950.36,10092,2012-10-18 23:31:30,2012-10-26 23:31:30,9320234817,jcb
1,754,754,754,754,84280.96,8062,2015-05-07 8:33:21,2015-05-28 8:33:21,9885796452,jcb
2,755,755,755,755,47872.02,17333,2013-12-06 23:36:23,2013-12-13 23:36:23,8973292455,diners-club-enroute
2,756,756,756,756,22556.24,13380,2018-11-30 5:06:35,2018-12-06 5:06:35,9555692750,jcb
1,757,757,757,757,59216.79,11848,2006-02-03 9:49:29,2006-02-23 9:49:29,276593715,jcb
1,758,758,758,758,53780.39,15227,2012-07-16 7:14:34,2012-07-20 7:14:34,730607208,mastercard
1,759,759,759,759,87364.16,4763,2006-01-02 18:06:05,2006-01-18 18:06:05,6392748482,jcb
2,760,760,760,760,93011.17,15435,2014-07-13 7:03:32,2014-07-21 7:03:32,1615662227,jcb
2,761,761,761,761,19307.12,14647,2009-10-26 22:41:18,2009-10-31 22:41:18,975220276,jcb
2,762,762,762,762,47446.12,9388,2018-05-10 22:46:11,2018-05-13 22:46:11,3256746381,jcb
2,763,763,763,763,39415.38,11821,2016-07-15 18:00:46,2016-08-08 18:00:46,9488504056,jcb
2,764,764,764,764,61819.69,4051,2018-09-25 2:24:54,2018-09-30 2:24:54,3820497676,jcb
2,765,765,765,765,41947.73,8929,2012-10-10 9:50:15,2012-10-28 9:50:15,3228237540,maestro
2,766,766,766,766,65125.12,1749,2017-06-18 15:55:17,2017-06-26 15:55:17,9606225887,jcb
1,767,767,767,767,51453.02,16986,2009-03-14 22:54:37,2009-04-02 22:54:37,5117928466,jcb
1,768,768,768,768,20723.56,2852,2013-03-25 3:16:17,2013-03-29 3:16:17,5497183093,laser
1,769,769,769,769,95664.82,2361,2011-12-29 9:53:42,2012-01-05 9:53:42,3168185612,jcb
1,770,770,770,770,76227.17,4603,2006-02-01 17:31:18,2006-02-03 17:31:18,2626109975,maestro
2,771,771,771,771,66837.9,17865,2006-06-17 9:59:39,2006-07-17 9:59:39,7414683761,jcb
2,772,772,772,772,84007.65,14090,2014-07-13 22:28:00,2014-07-29 22:28:00,2230378198,visa-electron
2,773,773,773,773,88072.83,4596,2008-12-19 11:12:02,2009-01-15 11:12:02,767760123,jcb
2,774,774,774,774,25702.55,11731,2006-10-05 12:17:25,2006-10-09 12:17:25,8523860177,visa-electron
2,775,775,775,775,99310.43,17474,2005-11-29 14:32:07,2005-12-05 14:32:07,4311972032,jcb
1,776,776,776,776,26344.75,14039,2005-05-28 3:42:41,2005-06-04 3:42:41,4598036265,maestro
1,777,777,777,777,29018.84,14751,2017-03-21 7:37:59,2017-04-11 7:37:59,5229792787,china-unionpay
2,778,778,778,778,79725.25,16719,2012-10-22 8:25:14,2012-11-20 8:25:14,6116105920,mastercard
1,779,779,779,779,77217.5,10695,2019-11-07 7:12:58,2019-11-24 7:12:58,5205118288,visa-electron
1,780,780,780,780,43006.76,7601,2011-01-15 23:51:58,2011-02-01 23:51:58,8983178590,maestro
2,781,781,781,781,37049.02,16981,2014-06-13 10:56:59,2014-07-12 10:56:59,5045144472,americanexpress
1,782,782,782,782,30546.14,15532,2006-04-26 9:30:50,2006-05-03 9:30:50,7400069160,jcb
2,783,783,783,783,24041.82,14488,2008-11-12 21:10:42,2008-11-21 21:10:42,1275822134,china-unionpay
2,784,784,784,784,19660.81,10956,2006-06-02 11:25:29,2006-06-21 11:25:29,3574832486,mastercard
1,785,785,785,785,31412.8,10082,2009-02-21 17:15:33,2009-03-21 17:15:33,8917692559,visa-electron
2,786,786,786,786,61725.79,5696,2011-02-14 14:25:10,2011-03-16 14:25:10,3572314763,bankcard
2,787,787,787,787,54211.49,6499,2006-02-20 22:54:41,2006-03-12 22:54:41,6821843562,jcb
1,788,788,788,788,23492.71,15889,2009-08-06 3:23:06,2009-08-22 3:23:06,9374467399,jcb
1,789,789,789,789,61764.86,12452,2020-04-18 16:44:08,2020-05-10 16:44:08,8438830080,diners-club-enroute
2,790,790,790,790,24361.53,7063,2019-08-08 23:14:01,2019-08-28 23:14:01,4645519069,americanexpress
1,791,791,791,791,61101.14,9213,2019-07-04 0:12:24,2019-07-18 0:12:24,3092132270,switch
1,792,792,792,792,66906.05,2071,2019-10-16 11:40:50,2019-10-25 11:40:50,3763705953,mastercard
1,793,793,793,793,58241.02,2433,2006-08-11 5:56:42,2006-09-05 5:56:42,1972806122,jcb
2,794,794,794,794,30359.99,15304,2009-11-28 7:28:31,2009-12-25 7:28:31,8803609652,maestro
2,795,795,795,795,70680.76,7111,2017-06-11 6:23:14,2017-07-05 6:23:14,543157350,visa-electron
2,796,796,796,796,49893.12,17855,2009-09-05 5:12:54,2009-09-18 5:12:54,4806987018,jcb
1,797,797,797,797,80098.78,12401,2016-11-26 1:21:58,2016-12-20 1:21:58,3176836805,switch
2,798,798,798,798,45705.12,10219,2008-09-08 12:14:06,2008-09-18 12:14:06,4568315077,visa
2,799,799,799,799,47792.51,6551,2018-11-26 0:50:13,2018-12-01 0:50:13,3011742375,maestro
1,800,800,800,800,69014.04,17918,2019-02-15 3:31:35,2019-02-26 3:31:35,2181079048,switch
2,801,801,801,801,47923.71,5498,2009-03-24 1:46:55,2009-04-15 1:46:55,2633738206,jcb
2,802,802,802,802,77702.62,3775,2007-06-24 17:32:32,2007-06-30 17:32:32,7320787792,visa
1,803,803,803,803,50895.65,12905,2010-03-28 23:53:27,2010-04-02 23:53:27,8375904929,jcb
2,804,804,804,804,85336.43,4317,2019-11-02 8:38:02,2019-11-20 8:38:02,9036892961,china-unionpay
1,805,805,805,805,28922.39,1091,2016-05-10 21:50:39,2016-06-06 21:50:39,2874275301,jcb
1,806,806,806,806,28901.91,10852,2015-05-12 22:46:14,2015-05-26 22:46:14,1702663728,china-unionpay
2,807,807,807,807,70485.29,12251,2012-01-14 17:37:23,2012-01-18 17:37:23,4869914794,jcb
2,808,808,808,808,68083.29,4760,2017-01-08 8:12:40,2017-01-10 8:12:40,1414186282,jcb
1,809,809,809,809,96786.36,3370,2015-06-07 23:59:43,2015-06-11 23:59:43,6607456456,china-unionpay
2,810,810,810,810,62537.48,9778,2009-02-15 22:32:35,2009-03-03 22:32:35,5814113391,visa-electron
1,811,811,811,811,30013.03,16610,2014-08-26 8:04:00,2014-09-14 8:04:00,8805503339,jcb
2,812,812,812,812,42258.18,17721,2011-07-31 22:10:29,2011-08-13 22:10:29,9774188624,bankcard
2,813,813,813,813,65546.25,13477,2005-11-19 8:52:36,2005-12-10 8:52:36,5877075160,diners-club-us-ca
2,814,814,814,814,83331.78,14878,2005-09-23 12:25:55,2005-10-09 12:25:55,2538947731,jcb
1,815,815,815,815,41894.9,16084,2006-09-25 14:39:08,2006-10-15 14:39:08,82128626,jcb
2,816,816,816,816,44372.52,11454,2013-03-06 16:18:59,2013-04-01 16:18:59,2080474677,jcb
1,817,817,817,817,70311.87,6170,2012-01-05 4:16:42,2012-02-01 4:16:42,7985856838,instapayment
1,818,818,818,818,51381.71,12263,2008-03-04 22:39:07,2008-03-14 22:39:07,1181729610,diners-club-enroute
2,819,819,819,819,89681.4,17292,2009-01-20 12:19:37,2009-01-25 12:19:37,8021839694,diners-club-enroute
1,820,820,820,820,34723.77,8530,2007-06-10 18:43:06,2007-06-17 18:43:06,7088220725,jcb
1,821,821,821,821,28862.28,7900,2007-11-24 18:20:19,2007-12-18 18:20:19,7621496622,laser
1,822,822,822,822,67521.18,16493,2017-06-06 12:26:53,2017-06-13 12:26:53,2045156079,visa
1,823,823,823,823,86421.05,15618,2020-04-04 20:47:51,2020-04-15 20:47:51,6215358452,visa
2,824,824,824,824,81927.62,8221,2018-07-22 6:34:03,2018-08-01 6:34:03,3599406669,jcb
1,825,825,825,825,20745.92,7116,2018-06-10 5:53:08,2018-06-22 5:53:08,6152320909,instapayment
2,826,826,826,826,95776.59,13322,2018-05-12 11:20:58,2018-05-27 11:20:58,9361281372,bankcard
2,827,827,827,827,76773.98,7814,2017-01-08 0:40:06,2017-01-19 0:40:06,7889545746,bankcard
2,828,828,828,828,66443.31,4990,2018-06-24 13:20:20,2018-07-23 13:20:20,9420468992,instapayment
1,829,829,829,829,71282.51,4607,2017-04-08 11:56:01,2017-04-15 11:56:01,2141621682,jcb
2,830,830,830,830,41552.32,11062,2014-09-26 5:38:10,2014-10-13 5:38:10,21897298,maestro
1,831,831,831,831,63255.82,7054,2015-06-16 8:04:24,2015-07-02 8:04:24,8853871814,mastercard
2,832,832,832,832,83656.85,12678,2018-07-01 1:49:41,2018-07-23 1:49:41,6757056097,jcb
1,833,833,833,833,76237.78,14274,2012-03-03 12:39:43,2012-03-10 12:39:43,9102158655,maestro
2,834,834,834,834,35643.74,6292,2018-04-28 22:33:07,2018-05-19 22:33:07,990014983,diners-club-carte-blanche
1,835,835,835,835,49917.29,16058,2016-11-08 23:51:17,2016-11-17 23:51:17,2449448675,jcb
2,836,836,836,836,18003.31,16692,2006-09-05 0:03:45,2006-09-29 0:03:45,8643758752,bankcard
2,837,837,837,837,32885.37,9904,2011-10-08 3:58:54,2011-11-06 3:58:54,8246365002,jcb
1,838,838,838,838,49053.56,2699,2010-08-25 7:34:23,2010-09-05 7:34:23,4197917600,china-unionpay
2,839,839,839,839,82832.75,16207,2017-03-12 4:33:39,2017-03-29 4:33:39,6054346911,switch
2,840,840,840,840,25845.85,3034,2006-11-13 17:03:26,2006-11-15 17:03:26,6965899484,jcb
2,841,841,841,841,72351.69,13686,2018-04-22 8:52:20,2018-05-19 8:52:20,752443186,jcb
1,842,842,842,842,43655.36,13018,2011-12-27 7:44:07,2012-01-21 7:44:07,9101090550,jcb
1,843,843,843,843,59613.2,3305,2005-05-30 18:06:22,2005-06-22 18:06:22,9958794233,laser
2,844,844,844,844,50545.76,13627,2019-03-02 9:51:05,2019-03-05 9:51:05,8493334715,mastercard
2,845,845,845,845,36330.34,3175,2016-07-16 19:10:39,2016-07-28 19:10:39,3894916206,jcb
2,846,846,846,846,74718.36,13444,2018-01-05 21:09:07,2018-01-29 21:09:07,257467645,switch
2,847,847,847,847,94140.36,8072,2014-09-18 6:21:34,2014-09-30 6:21:34,449331032,bankcard
2,848,848,848,848,50095.6,9552,2012-02-17 17:14:04,2012-03-02 17:14:04,2086885393,jcb
1,849,849,849,849,88441.35,13977,2014-10-23 17:20:21,2014-10-31 17:20:21,9445252314,bankcard
2,850,850,850,850,80938.53,10526,2007-10-11 21:07:45,2007-10-26 21:07:45,7140100764,maestro
1,851,851,851,851,41569.25,5062,2010-12-25 5:15:51,2010-12-30 5:15:51,7100429757,laser
1,852,852,852,852,38699.86,6514,2018-10-08 20:38:57,2018-10-11 20:38:57,2359582143,jcb
2,853,853,853,853,91358.91,3265,2007-02-02 12:00:45,2007-03-01 12:00:45,7433233997,laser
2,854,854,854,854,20144.62,14849,2013-12-09 12:45:47,2013-12-10 12:45:47,7076068680,diners-club-us-ca
2,855,855,855,855,69401.28,11128,2008-02-14 18:50:16,2008-03-08 18:50:16,2920540572,switch
1,856,856,856,856,61226.15,2345,2014-10-04 0:09:22,2014-11-02 0:09:22,6137675807,americanexpress
2,857,857,857,857,53758.23,866,2017-09-09 18:21:50,2017-09-26 18:21:50,7995149255,instapayment
1,858,858,858,858,46303.78,8267,2008-09-27 3:03:50,2008-10-27 3:03:50,337719969,jcb
2,859,859,859,859,71183.68,5116,2014-01-31 8:13:15,2014-02-06 8:13:15,8032778063,solo
2,860,860,860,860,26082.29,15430,2011-07-24 11:26:53,2011-08-16 11:26:53,8864146024,jcb
2,861,861,861,861,74539.19,7457,2015-12-15 13:43:55,2015-12-17 13:43:55,6629862295,americanexpress
1,862,862,862,862,65039.77,13839,2009-12-26 2:47:45,2010-01-21 2:47:45,5295762998,maestro
1,863,863,863,863,27408.72,8345,2013-02-14 2:02:21,2013-02-27 2:02:21,6734909751,mastercard
2,864,864,864,864,69207.9,10637,2010-12-27 9:29:17,2010-12-30 9:29:17,6246865275,jcb
2,865,865,865,865,44483.11,7831,2008-09-07 5:46:50,2008-09-28 5:46:50,6720377345,solo
1,866,866,866,866,88318.47,16972,2011-08-20 17:02:53,2011-08-29 17:02:53,4873478294,diners-club-enroute
1,867,867,867,867,24583.85,12012,2011-05-29 13:51:16,2011-06-24 13:51:16,8581455603,jcb
2,868,868,868,868,75136.36,15477,2009-04-22 9:33:26,2009-04-29 9:33:26,1087186242,jcb
2,869,869,869,869,38687.48,17771,2015-08-06 18:58:26,2015-08-27 18:58:26,6350264452,jcb
2,870,870,870,870,58146.85,4970,2006-02-05 0:22:04,2006-03-06 0:22:04,5291945982,jcb
2,871,871,871,871,84343.07,11086,2016-08-25 10:04:23,2016-09-20 10:04:23,7932402840,china-unionpay
2,872,872,872,872,42555.03,853,2016-08-27 23:57:56,2016-09-23 23:57:56,2447663447,jcb
1,873,873,873,873,40136.67,12628,2013-07-18 6:45:34,2013-08-06 6:45:34,7586889899,diners-club-carte-blanche
1,874,874,874,874,49799.76,6875,2016-03-20 7:00:17,2016-03-29 7:00:17,8803272569,jcb
1,875,875,875,875,46501.54,2016,2015-10-17 8:49:05,2015-11-03 8:49:05,4249531864,jcb
1,876,876,876,876,64609.38,6023,2020-02-02 20:17:54,2020-02-26 20:17:54,2582710865,maestro
1,877,877,877,877,77577.13,11768,2008-05-10 10:05:26,2008-05-23 10:05:26,5768959750,jcb
2,878,878,878,878,99038.52,3942,2006-02-27 22:18:56,2006-03-12 22:18:56,9891602915,maestro
2,879,879,879,879,32606.06,11208,2017-11-08 22:48:35,2017-12-05 22:48:35,9738382505,jcb
1,880,880,880,880,35022.06,7033,2007-03-12 3:26:21,2007-03-31 3:26:21,2726988288,jcb
2,881,881,881,881,26785.05,2078,2006-06-24 20:01:14,2006-07-24 20:01:14,232428409,jcb
1,882,882,882,882,77611.45,675,2020-01-09 16:05:45,2020-01-27 16:05:45,5857506867,jcb
1,883,883,883,883,60834.88,3502,2005-12-28 1:28:14,2006-01-22 1:28:14,7789946951,mastercard
2,884,884,884,884,72606.64,4464,2007-01-07 2:42:25,2007-02-01 2:42:25,7907851777,mastercard
2,885,885,885,885,72057.02,13592,2020-06-08 7:06:22,2020-07-03 7:06:22,3658234911,bankcard
2,886,886,886,886,47179.4,9113,2013-10-06 13:08:42,2013-10-29 13:08:42,9245478505,jcb
1,887,887,887,887,90103.23,10245,2006-06-29 3:19:23,2006-07-16 3:19:23,1353387879,diners-club-enroute
1,888,888,888,888,67228.33,12372,2013-07-18 18:23:44,2013-07-19 18:23:44,610502301,jcb
2,889,889,889,889,26032.07,12799,2020-04-08 21:27:17,2020-04-17 21:27:17,9927927592,instapayment
1,890,890,890,890,94796.04,12643,2018-08-29 5:27:53,2018-09-16 5:27:53,4379724158,jcb
1,891,891,891,891,96786.84,2396,2020-01-07 16:19:27,2020-01-09 16:19:27,6167918864,mastercard
2,892,892,892,892,84592.78,6649,2009-12-31 8:39:43,2010-01-16 8:39:43,5911113147,jcb
1,893,893,893,893,38470.59,6439,2011-10-02 0:50:33,2011-10-22 0:50:33,834375605,jcb
1,894,894,894,894,59430.23,3835,2017-03-20 14:35:40,2017-04-04 14:35:40,3942796864,solo
2,895,895,895,895,96085.94,8397,2010-03-13 3:08:32,2010-03-25 3:08:32,3249328413,jcb
2,896,896,896,896,60655.65,12582,2007-06-03 0:06:44,2007-06-07 0:06:44,8573773863,jcb
1,897,897,897,897,39050.75,9905,2016-06-04 16:39:35,2016-06-16 16:39:35,7708296641,mastercard
1,898,898,898,898,62087.97,15911,2007-09-18 21:34:17,2007-10-16 21:34:17,7566286811,jcb
2,899,899,899,899,32085.08,16941,2006-10-14 6:41:17,2006-11-08 6:41:17,50666096,diners-club-carte-blanche
1,900,900,900,900,35866.19,11220,2018-09-23 16:22:58,2018-10-18 16:22:58,7694871490,switch
1,901,901,901,901,43723.83,13775,2019-09-22 11:47:00,2019-09-23 11:47:00,915550474,jcb
1,902,902,902,902,88649.96,8659,2014-06-11 21:37:14,2014-06-29 21:37:14,5172555749,jcb
2,903,903,903,903,74496.76,10470,2007-03-23 15:32:01,2007-03-30 15:32:01,3670491740,instapayment
1,904,904,904,904,86171.69,14228,2020-07-09 0:06:40,2020-07-30 0:06:40,9233278492,maestro
2,905,905,905,905,30971.66,4069,2014-06-01 4:40:16,2014-06-21 4:40:16,19529791,solo
2,906,906,906,906,46551.68,17068,2011-06-05 16:22:30,2011-06-15 16:22:30,8187241438,jcb
1,907,907,907,907,63307.58,17613,2018-04-04 5:17:38,2018-04-16 5:17:38,4428019416,china-unionpay
2,908,908,908,908,45959.37,8649,2010-02-05 15:07:23,2010-02-18 15:07:23,2381128077,maestro
1,909,909,909,909,32179.25,13801,2011-09-26 2:57:53,2011-10-04 2:57:53,5750477320,jcb
2,910,910,910,910,20485.23,17992,2007-05-08 8:34:58,2007-05-19 8:34:58,3608165134,diners-club-carte-blanche
1,911,911,911,911,73412.18,6038,2006-12-26 8:10:15,2007-01-15 8:10:15,6571843005,jcb
2,912,912,912,912,67365.12,16723,2011-07-15 6:51:59,2011-08-10 6:51:59,5878483033,jcb
2,913,913,913,913,80438.67,6286,2012-03-20 1:57:46,2012-03-28 1:57:46,4624432959,mastercard
1,914,914,914,914,81857.74,15423,2013-08-18 1:02:58,2013-09-15 1:02:58,2504259948,jcb
2,915,915,915,915,80719.13,11663,2010-02-08 9:40:09,2010-02-09 9:40:09,3745748336,jcb
2,916,916,916,916,91231.39,17284,2018-01-14 9:45:59,2018-01-15 9:45:59,3633792228,bankcard
1,917,917,917,917,56686.76,4465,2017-08-21 16:10:21,2017-09-01 16:10:21,2816104281,visa-electron
2,918,918,918,918,22003.26,12602,2005-12-07 17:25:18,2005-12-13 17:25:18,1407376160,maestro
1,919,919,919,919,71464.79,15081,2010-07-23 17:12:08,2010-08-09 17:12:08,8847274818,jcb
1,920,920,920,920,48959.85,9865,2016-09-25 3:42:06,2016-09-30 3:42:06,994863799,maestro
1,921,921,921,921,80140.96,1682,2015-03-03 7:55:08,2015-03-06 7:55:08,2152297539,diners-club-enroute
2,922,922,922,922,97785.18,8227,2009-04-14 20:43:31,2009-04-24 20:43:31,3614613313,jcb
1,923,923,923,923,92814.61,9413,2005-05-28 7:51:16,2005-06-25 7:51:16,5860747152,jcb
1,924,924,924,924,23054.6,8068,2016-04-10 8:31:24,2016-05-08 8:31:24,3317873108,maestro
2,925,925,925,925,98960.9,7953,2017-11-28 14:14:46,2017-12-18 14:14:46,1798637634,jcb
1,926,926,926,926,48202.72,13537,2008-03-12 7:23:14,2008-03-21 7:23:14,4575767638,americanexpress
2,927,927,927,927,50774.89,9017,2015-02-05 7:30:52,2015-02-21 7:30:52,5783824119,americanexpress
2,928,928,928,928,74439.17,6653,2016-09-03 13:13:24,2016-09-16 13:13:24,1253749892,maestro
1,929,929,929,929,18641.43,10229,2009-01-07 7:21:26,2009-02-04 7:21:26,4207000801,diners-club-carte-blanche
2,930,930,930,930,27931.21,7076,2017-07-11 21:32:56,2017-07-13 21:32:56,5754385897,maestro
1,931,931,931,931,49841.19,16903,2011-09-29 9:55:44,2011-10-26 9:55:44,2793246492,jcb
1,932,932,932,932,78037.37,2704,2013-03-30 1:46:47,2013-04-06 1:46:47,6477181584,americanexpress
1,933,933,933,933,53770.62,12144,2019-03-15 3:07:26,2019-04-04 3:07:26,8791364809,jcb
2,934,934,934,934,79364.9,11200,2008-06-23 20:37:49,2008-07-22 20:37:49,6626009141,jcb
2,935,935,935,935,43647.17,3730,2014-05-29 19:20:08,2014-06-13 19:20:08,7745676797,diners-club-us-ca
1,936,936,936,936,63465.9,11258,2007-12-04 14:06:33,2007-12-13 14:06:33,5723141031,jcb
2,937,937,937,937,86931.16,5181,2014-05-20 10:06:48,2014-05-23 10:06:48,1111925518,jcb
1,938,938,938,938,65664.54,2789,2007-07-08 1:34:42,2007-07-18 1:34:42,7455738145,jcb
1,939,939,939,939,56317.63,5908,2015-11-05 11:26:25,2015-11-27 11:26:25,4460542676,jcb
2,940,940,940,940,80991.8,13778,2008-05-01 9:05:53,2008-05-18 9:05:53,9399612554,maestro
2,941,941,941,941,80036.41,7185,2013-10-30 15:09:52,2013-11-09 15:09:52,5202532148,visa-electron
2,942,942,942,942,56785.9,14142,2012-04-18 21:02:19,2012-05-17 21:02:19,2932955926,diners-club-enroute
1,943,943,943,943,88371.17,10016,2018-12-14 10:51:57,2019-01-01 10:51:57,3766614851,jcb
2,944,944,944,944,31527.74,2623,2006-12-30 7:41:25,2007-01-13 7:41:25,6780318280,jcb
2,945,945,945,945,85446.23,14496,2019-04-16 0:09:26,2019-05-09 0:09:26,6859704233,jcb
1,946,946,946,946,54172.91,4945,2018-01-10 10:24:14,2018-01-29 10:24:14,2758957558,jcb
1,947,947,947,947,98124.07,15244,2012-12-05 19:29:44,2012-12-09 19:29:44,5140117088,jcb
2,948,948,948,948,39816.48,14787,2011-08-10 19:19:24,2011-08-26 19:19:24,4141434728,jcb
2,949,949,949,949,19966.13,13578,2008-03-09 3:03:18,2008-04-07 3:03:18,4320531507,maestro
1,950,950,950,950,90576.16,9266,2015-09-23 20:14:12,2015-10-19 20:14:12,8822081617,jcb
2,951,951,951,951,51513.38,7507,2005-09-05 12:48:14,2005-09-30 12:48:14,3652017285,jcb
1,952,952,952,952,32696.93,783,2008-11-08 16:13:02,2008-11-21 16:13:02,8229643172,mastercard
1,953,953,953,953,25743.77,12402,2016-02-27 20:05:45,2016-03-24 20:05:45,1616632488,jcb
1,954,954,954,954,81877.49,15636,2011-03-02 15:06:51,2011-03-31 15:06:51,7677124550,jcb
2,955,955,955,955,29583.6,11048,2013-05-21 16:20:14,2013-06-16 16:20:14,3732891275,mastercard
1,956,956,956,956,61032.87,5286,2010-01-11 21:17:55,2010-02-07 21:17:55,3667029136,jcb
2,957,957,957,957,75528,11249,2015-05-14 19:15:29,2015-05-24 19:15:29,8383971443,jcb
1,958,958,958,958,48431.9,9192,2016-05-31 5:48:34,2016-06-26 5:48:34,3684562866,china-unionpay
1,959,959,959,959,85676.99,3628,2010-11-26 0:34:15,2010-12-26 0:34:15,9974408369,china-unionpay
2,960,960,960,960,64367.59,16051,2009-02-21 7:05:03,2009-02-28 7:05:03,6001222479,maestro
1,961,961,961,961,60535.62,12060,2007-06-19 17:49:54,2007-07-04 17:49:54,2113838958,switch
1,962,962,962,962,26359.78,7729,2010-08-30 11:01:41,2010-09-12 11:01:41,6544978795,americanexpress
1,963,963,963,963,18597.19,4674,2014-07-29 2:22:55,2014-08-21 2:22:55,3358243842,jcb
1,964,964,964,964,52669.06,1272,2010-10-21 19:40:52,2010-11-12 19:40:52,9056041045,bankcard
2,965,965,965,965,50037.91,10192,2015-07-09 1:25:18,2015-07-10 1:25:18,3147137503,jcb
2,966,966,966,966,50554.15,15336,2009-09-10 17:59:50,2009-10-02 17:59:50,5102903578,visa
2,967,967,967,967,66794.08,10696,2020-03-14 3:24:51,2020-04-11 3:24:51,5085964608,jcb
1,968,968,968,968,43935.63,8505,2013-05-07 20:25:22,2013-06-03 20:25:22,808157477,americanexpress
1,969,969,969,969,89924.72,3873,2015-01-08 2:48:38,2015-01-18 2:48:38,7236058351,jcb
1,970,970,970,970,68724.8,2505,2018-12-07 1:38:41,2018-12-12 1:38:41,1613669453,jcb
2,971,971,971,971,25073.64,14908,2018-08-25 7:11:47,2018-09-04 7:11:47,1554201403,jcb
2,972,972,972,972,66502.96,12319,2019-07-31 5:07:26,2019-08-19 5:07:26,4089230128,jcb
2,973,973,973,973,26048.01,3441,2006-04-17 4:29:27,2006-05-05 4:29:27,4200764474,jcb
2,974,974,974,974,91899.33,8709,2015-07-28 15:20:55,2015-08-11 15:20:55,1850801304,mastercard
1,975,975,975,975,22289.88,7232,2014-02-08 11:17:00,2014-02-22 11:17:00,3739555661,bankcard
2,976,976,976,976,83852.02,17847,2006-08-27 15:15:54,2006-09-03 15:15:54,9742266573,switch
2,977,977,977,977,25336.43,8653,2006-02-20 10:48:01,2006-03-20 10:48:01,2340859794,jcb
1,978,978,978,978,84498.68,13048,2020-02-04 17:09:08,2020-02-24 17:09:08,549361332,diners-club-us-ca
1,979,979,979,979,62032.5,510,2016-03-12 8:08:02,2016-03-25 8:08:02,9124454540,jcb
2,980,980,980,980,95241.49,16877,2007-07-11 9:48:44,2007-08-09 9:48:44,7026788248,jcb
1,981,981,981,981,60484.43,14841,2010-01-04 18:56:12,2010-01-23 18:56:12,147664403,mastercard
1,982,982,982,982,71215.52,4301,2008-08-18 16:03:43,2008-08-23 16:03:43,9841580454,jcb
1,983,983,983,983,58964.09,14880,2019-08-13 11:59:05,2019-08-14 11:59:05,1431913995,diners-club-enroute
2,984,984,984,984,32544.73,14982,2019-08-30 10:33:36,2019-09-05 10:33:36,5886965092,jcb
2,985,985,985,985,19087.13,3931,2014-10-28 16:06:54,2014-10-29 16:06:54,1549760319,maestro
1,986,986,986,986,24313.12,6745,2008-04-11 5:29:54,2008-04-29 5:29:54,8453457808,maestro
1,987,987,987,987,70706.44,7718,2017-02-17 10:42:43,2017-03-08 10:42:43,9338587967,jcb
1,988,988,988,988,25249.75,15395,2006-09-27 3:08:43,2006-10-01 3:08:43,3620889007,jcb
1,989,989,989,989,40826.7,2686,2011-10-20 14:09:59,2011-11-05 14:09:59,8316923815,jcb
1,990,990,990,990,37078.66,12074,2018-01-28 22:04:58,2018-02-27 22:04:58,74852345,jcb
1,991,991,991,991,24265.46,15513,2017-01-15 19:16:28,2017-02-06 19:16:28,9447095747,jcb
1,992,992,992,992,21608.59,2351,2015-05-25 9:24:33,2015-06-08 9:24:33,4086712709,jcb
1,993,993,993,993,36365.91,8469,2011-07-09 9:39:38,2011-08-01 9:39:38,9447413137,jcb
2,994,994,994,994,18151.69,17423,2015-01-27 21:12:34,2015-02-07 21:12:34,4137591830,jcb
1,995,995,995,995,42359.29,17322,2014-10-31 21:11:23,2014-11-12 21:11:23,6764755604,jcb
1,996,996,996,996,61879.69,4836,2012-09-27 6:50:19,2012-10-10 6:50:19,1338605917,visa-electron
2,997,997,997,997,45232.26,16206,2010-11-19 11:01:13,2010-12-02 11:01:13,5909452207,visa
1,998,998,998,998,89881.42,3521,2009-06-08 3:53:34,2009-06-19 3:53:34,7584149723,jcb
2,999,999,999,999,31344.71,2348,2020-05-31 9:17:01,2020-06-03 9:17:01,3201958484,jcb
1,1000,1000,1000,1000,74694.65,9341,2009-02-12 22:11:12,2009-03-05 22:11:12,9900182316,mastercard